Date,Open,High,Low,Close,Adj Close,Volume
09-05-2016,119.540001,120.279999,118.900002,119.239998,119.239998,21138100
10-05-2016,119.620003,120.5,119,120.5,120.5,23220000
11-05-2016,120.410004,121.080002,119.419998,119.519997,119.519997,22038400
12-05-2016,119.980003,120.839996,118.900002,120.279999,120.279999,22035500
13-05-2016,120.379997,120.639999,119.68,119.809998,119.809998,18124300
16-05-2016,119.379997,119.610001,117.349998,118.669998,118.669998,31247800
17-05-2016,118.82,119.010002,117.199997,117.349998,117.349998,21328600
18-05-2016,116.800003,118.269997,116.730003,117.650002,117.650002,21642300
19-05-2016,117.050003,117.489998,115.879997,116.809998,116.809998,20544100
20-05-2016,116.959999,117.989998,116.949997,117.349998,117.349998,18944800
23-05-2016,117.419998,117.599998,115.940002,115.970001,115.970001,20441000
24-05-2016,116.239998,117.730003,116.120003,117.699997,117.699997,20183600
25-05-2016,118.129997,118.669998,117.379997,117.889999,117.889999,20019800
26-05-2016,118.239998,119.760002,117.919998,119.470001,119.470001,18481300
27-05-2016,119.559998,119.849998,119.010002,119.379997,119.379997,13493600
31-05-2016,119.459999,120.099998,118.120003,118.809998,118.809998,23547600
01-06-2016,118.5,119.080002,117.82,118.779999,118.779999,15029500
02-06-2016,118.690002,119.440002,118.220001,118.93,118.93,13228300
03-06-2016,118.980003,118.980003,117.860001,118.470001,118.470001,14135100
06-06-2016,118.620003,119.43,118.360001,118.790001,118.790001,12744700
07-06-2016,119.239998,119.300003,117.669998,117.760002,117.760002,17103000
08-06-2016,117.760002,118.599998,117.269997,118.389999,118.389999,14505600
09-06-2016,118.129997,118.68,117.709999,118.559998,118.559998,13859200
10-06-2016,117.540001,118.110001,116.260002,116.620003,116.620003,18510800
13-06-2016,115,115.480003,113.309998,113.949997,113.949997,31718200
14-06-2016,114.07,114.949997,113.580002,114.940002,114.940002,17618500
15-06-2016,115.300003,115.440002,114.07,114.599998,114.599998,19819400
16-06-2016,113.870003,114.5,112.940002,114.389999,114.389999,19236300
17-06-2016,114.419998,114.43,112.559998,113.019997,113.019997,24644300
20-06-2016,113.769997,114.720001,112.75,113.370003,113.370003,20785400
21-06-2016,114.120003,115.209999,113.970001,114.379997,114.379997,19166300
22-06-2016,114.650002,114.739998,113.610001,113.910004,113.910004,14846300
23-06-2016,114.370003,115.089996,113.540001,115.080002,115.080002,16176900
24-06-2016,111.010002,113.68,111,112.080002,112.080002,40643100
27-06-2016,111.57,111.57,108.230003,108.970001,108.970001,36130400
28-06-2016,110.629997,112.75,110.550003,112.699997,112.699997,26813800
29-06-2016,113.370003,114.25,113.040001,114.160004,114.160004,20968300
30-06-2016,114.669998,115.18,113.669998,114.279999,114.279999,23192700
01-07-2016,114.199997,115.129997,113.809998,114.190002,114.190002,14980000
05-07-2016,113.940002,114.199997,112.970001,114.199997,114.199997,14207000
06-07-2016,113.360001,116.790001,112.970001,116.699997,116.699997,24337600
07-07-2016,116.629997,116.970001,115.360001,115.849998,115.849998,16630200
08-07-2016,116.43,117.5,115.849998,117.239998,117.239998,18142600
11-07-2016,117.709999,118.699997,117.5,117.870003,117.870003,17711600
12-07-2016,118.629997,118.720001,117.57,117.93,117.93,15217700
13-07-2016,118.389999,118.400002,116.68,116.779999,116.779999,16207700
14-07-2016,117.5,117.639999,116.699997,117.290001,117.290001,14579700
15-07-2016,117.739998,118.279999,116.580002,116.860001,116.860001,16646000
18-07-2016,117.32,119.610001,116.889999,119.370003,119.370003,20868400
19-07-2016,118.989998,120.849998,118.660004,120.610001,120.610001,21541300
20-07-2016,121.25,122.199997,120.559998,121.919998,121.919998,20046500
21-07-2016,121.919998,122.099998,120.25,120.610001,120.610001,17801700
22-07-2016,119.900002,121.010002,119.309998,121,121,18422400
25-07-2016,121.389999,121.849998,117.779999,121.629997,121.629997,18487400
26-07-2016,122,122.07,120.75,121.220001,121.220001,17612000
27-07-2016,122.419998,125,121.510002,123.339996,123.339996,52654200
28-07-2016,127.519997,128.330002,123.629997,125,125,78955800
29-07-2016,124.650002,125.839996,123.709999,123.940002,123.940002,35058800
01-08-2016,123.849998,124.580002,122.860001,124.309998,124.309998,25006900
02-08-2016,124.059998,124.800003,122.07,123.089996,123.089996,23968400
03-08-2016,123.089996,123.919998,122.309998,122.510002,122.510002,18525300
04-08-2016,122.940002,124.790001,122.510002,124.360001,124.360001,21066000
05-08-2016,124.980003,125.839996,124.620003,125.150002,125.150002,20184000
08-08-2016,125.25,125.449997,124.550003,125.260002,125.260002,15233900
09-08-2016,125.339996,126.089996,124.529999,125.059998,125.059998,19621000
10-08-2016,125.07,125.480003,124.540001,124.879997,124.879997,10670100
11-08-2016,125.199997,125.379997,124.75,124.900002,124.900002,11729500
12-08-2016,124.699997,125,124.18,124.879997,124.879997,12159000
15-08-2016,124.910004,124.919998,123.699997,123.900002,123.900002,19295100
16-08-2016,123.5,123.919998,122.779999,123.300003,123.300003,14222400
17-08-2016,123.660004,124.379997,122.849998,124.370003,124.370003,13794200
18-08-2016,124.010002,124.260002,123.639999,123.910004,123.910004,12400800
19-08-2016,123.599998,124.160004,123.279999,123.559998,123.559998,11688300
22-08-2016,123.330002,124.830002,123.110001,124.150002,124.150002,14386400
23-08-2016,124.510002,125.089996,124.25,124.370003,124.370003,13309500
24-08-2016,124.470001,124.690002,123.089996,123.480003,123.480003,12243700
25-08-2016,123.120003,124.370003,123.099998,123.889999,123.889999,10730800
26-08-2016,124.050003,125.190002,123.910004,124.959999,124.959999,17504800
29-08-2016,124.349998,126.730003,124.349998,126.540001,126.540001,15925900
30-08-2016,126.599998,126.599998,125.150002,125.839996,125.839996,17804300
31-08-2016,125.599998,126.220001,125.099998,126.120003,126.120003,14200600
01-09-2016,126.379997,126.629997,125.599998,126.169998,126.169998,13536100
02-09-2016,126.849998,126.860001,126,126.510002,126.510002,12118800
06-09-2016,126.669998,129.940002,126.470001,129.729996,129.729996,26278400
07-09-2016,130.039993,131.979996,129.949997,131.050003,131.050003,27990800
08-09-2016,130.919998,131.080002,129.809998,130.270004,130.270004,15676600
09-09-2016,129.710007,129.949997,127.099998,127.099998,127.099998,27100700
12-09-2016,125.959999,128.759995,125.75,128.690002,128.690002,21252800
13-09-2016,128.029999,128.350006,126.660004,127.209999,127.209999,18016200
14-09-2016,126.889999,128.800003,126.889999,127.769997,127.769997,15691100
15-09-2016,127.980003,129.100006,127.669998,128.350006,128.350006,15077200
16-09-2016,128.199997,129.179993,128.199997,129.070007,129.070007,24119200
19-09-2016,129.910004,129.940002,128.259995,128.649994,128.649994,14958800
20-09-2016,128.649994,129.169998,128.029999,128.639999,128.639999,11083800
21-09-2016,129.130005,130.009995,128.389999,129.940002,129.940002,14068300
22-09-2016,130.5,130.729996,129.559998,130.080002,130.080002,15538300
23-09-2016,127.559998,128.600006,127.300003,127.959999,127.959999,28326300
26-09-2016,127.370003,128.160004,126.800003,127.309998,127.309998,15064900
27-09-2016,127.610001,129.009995,127.43,128.690002,128.690002,15637100
28-09-2016,129.210007,129.470001,128.399994,129.229996,129.229996,12047600
29-09-2016,129.179993,129.289993,127.550003,128.089996,128.089996,14532200
30-09-2016,128.029999,128.589996,127.449997,128.270004,128.270004,18402900
03-10-2016,128.380005,129.089996,127.800003,128.770004,128.770004,13156900
04-10-2016,129.169998,129.279999,127.550003,128.190002,128.190002,14307500
05-10-2016,128.25,128.800003,127.830002,128.470001,128.470001,12386800
06-10-2016,128.429993,129.059998,128.080002,128.740005,128.740005,11682700
07-10-2016,129.039993,129.25,128.330002,128.990005,128.990005,12804400
10-10-2016,129.679993,130.699997,129.199997,130.240005,130.240005,15138700
11-10-2016,130.229996,130.639999,128.229996,128.880005,128.880005,17537900
12-10-2016,129.009995,129.660004,128.460007,129.050003,129.050003,11073000
13-10-2016,128.210007,128.25,126.75,127.82,127.82,17139300
14-10-2016,128.490005,128.949997,127.580002,127.879997,127.879997,13345300
17-10-2016,128.199997,128.470001,127.32,127.540001,127.540001,11351700
18-10-2016,128.679993,129.389999,128.009995,128.570007,128.570007,13504000
19-10-2016,128.740005,130.470001,128.600006,130.110001,130.110001,16752300
20-10-2016,130.070007,130.660004,129.5,130,130,13167500
21-10-2016,129.779999,132.130005,129.699997,132.070007,132.070007,19088800
24-10-2016,132.720001,133.410004,132.149994,133.279999,133.279999,17470200
25-10-2016,133.5,133.5,132.220001,132.289993,132.289993,13336800
26-10-2016,131.639999,132.259995,130.940002,131.039993,131.039993,13084700
27-10-2016,131.740005,131.800003,129.270004,129.690002,129.690002,16741400
28-10-2016,130.5,132.970001,129.929993,131.289993,131.289993,24545500
31-10-2016,132.009995,132.119995,130.880005,130.990005,130.990005,15669000
01-11-2016,131.410004,131.940002,128.649994,129.5,129.5,22077800
02-11-2016,130.229996,130.229996,126.279999,127.169998,127.169998,39640900
03-11-2016,122,123.279999,119.5,120,120,63766300
04-11-2016,119.589996,121.93,119.25,120.75,120.75,30545500
07-11-2016,122.830002,123.209999,121.349998,122.150002,122.150002,23008900
08-11-2016,122.029999,124.610001,121.540001,124.220001,124.220001,19460800
09-11-2016,121.5,123.809998,120.510002,123.18,123.18,31916000
10-11-2016,123.93,124.18,115.269997,120.800003,120.800003,67846700
11-11-2016,119.529999,120.699997,118.150002,119.019997,119.019997,32840100
14-11-2016,119.129997,119.129997,113.550003,115.080002,115.080002,51377000
15-11-2016,116.730003,118.489998,115.830002,117.199997,117.199997,34681400
16-11-2016,114.480003,117.879997,114.209999,116.339996,116.339996,32397900
17-11-2016,116.809998,117.790001,116.010002,117.790001,117.790001,18597800
18-11-2016,118.389999,119.129997,116.839996,117.019997,117.019997,22879300
21-11-2016,118.199997,121.949997,117.800003,121.769997,121.769997,35415400
22-11-2016,122.400002,122.980003,120.900002,121.470001,121.470001,26089200
23-11-2016,121.230003,121.309998,119.940002,120.839996,120.839996,15672100
25-11-2016,121.010002,121.139999,120.07,120.379997,120.379997,8658600
28-11-2016,120.120003,121.690002,119.82,120.410004,120.410004,18101300
29-11-2016,120.57,122.099998,120.400002,120.870003,120.870003,18891000
30-11-2016,120.32,121.790001,117.949997,118.419998,118.419998,30188900
01-12-2016,118.379997,118.449997,114,115.099998,115.099998,43277000
02-12-2016,115.110001,116.480003,114.300003,115.400002,115.400002,25070400
05-12-2016,115.949997,117.57,115.07,117.43,117.43,20201500
06-12-2016,117.690002,117.800003,116.330002,117.309998,117.309998,19131200
07-12-2016,117,117.949997,116.57,117.949997,117.949997,21913700
08-12-2016,117.980003,119.5,117.639999,118.910004,118.910004,22442800
09-12-2016,119.220001,119.940002,118.949997,119.68,119.68,17464700
12-12-2016,119.220001,119.239998,117.650002,117.769997,117.769997,17805500
13-12-2016,117.860001,121.519997,117.610001,120.309998,120.309998,29768000
14-12-2016,120,121.690002,118.849998,120.209999,120.209999,25913100
15-12-2016,120.080002,122.5,119.629997,120.57,120.57,20139600
16-12-2016,120.900002,121.5,119.269997,119.870003,119.870003,25324300
19-12-2016,119.849998,120.360001,118.510002,119.239998,119.239998,15918100
20-12-2016,119.5,119.769997,118.800003,119.089996,119.089996,13684400
21-12-2016,118.919998,119.199997,118.480003,119.040001,119.040001,10767600
22-12-2016,118.860001,118.989998,116.93,117.400002,117.400002,16258600
23-12-2016,117,117.559998,116.300003,117.269997,117.269997,10890000
27-12-2016,116.959999,118.68,116.860001,118.010002,118.010002,12051500
28-12-2016,118.190002,118.25,116.650002,116.919998,116.919998,12087400
29-12-2016,117,117.529999,116.059998,116.349998,116.349998,9934900
30-12-2016,116.599998,116.830002,114.769997,115.050003,115.050003,18684100
03-01-2017,116.029999,117.839996,115.510002,116.860001,116.860001,20663900
04-01-2017,117.550003,119.660004,117.290001,118.690002,118.690002,19630900
05-01-2017,118.860001,120.949997,118.32,120.669998,120.669998,19492200
06-01-2017,120.980003,123.879997,120.029999,123.410004,123.410004,28545300
09-01-2017,123.550003,125.43,123.040001,124.900002,124.900002,22880400
10-01-2017,124.82,125.5,124.279999,124.349998,124.349998,17324600
11-01-2017,124.349998,126.120003,124.059998,126.089996,126.089996,18356500
12-01-2017,125.610001,126.730003,124.800003,126.620003,126.620003,18653900
13-01-2017,127.489998,129.270004,127.370003,128.339996,128.339996,24884300
17-01-2017,128.039993,128.339996,127.400002,127.870003,127.870003,15294500
18-01-2017,128.410004,128.429993,126.839996,127.919998,127.919998,13145900
19-01-2017,128.229996,128.350006,127.449997,127.550003,127.550003,12195500
20-01-2017,128.100006,128.479996,126.779999,127.040001,127.040001,19097200
23-01-2017,127.309998,129.25,126.949997,128.929993,128.929993,16593600
24-01-2017,129.380005,129.899994,128.380005,129.369995,129.369995,15162700
25-01-2017,130,131.740005,129.770004,131.479996,131.479996,18731300
26-01-2017,131.630005,133.139999,131.440002,132.779999,132.779999,20020100
27-01-2017,132.679993,132.949997,131.080002,132.179993,132.179993,19539500
30-01-2017,131.580002,131.580002,129.600006,130.979996,130.979996,18956100
31-01-2017,130.169998,130.660004,129.520004,130.320007,130.320007,19790500
01-02-2017,132.25,133.490005,130.679993,133.229996,133.229996,50139800
02-02-2017,133.220001,135.490005,130.399994,130.839996,130.839996,54366400
03-02-2017,131.240005,132.850006,130.759995,130.979996,130.979996,24804900
06-02-2017,130.979996,132.059998,130.300003,132.059998,132.059998,17058500
07-02-2017,132.240005,133,131.660004,131.839996,131.839996,14596400
08-02-2017,132.600006,134.440002,132.440002,134.199997,134.199997,22390600
09-02-2017,134.490005,134.5,133.309998,134.139999,134.139999,16470600
10-02-2017,134.100006,134.940002,133.679993,134.190002,134.190002,15061900
13-02-2017,134.699997,134.699997,133.699997,134.050003,134.050003,13526200
14-02-2017,134.100006,134.229996,132.550003,133.850006,133.850006,14364900
15-02-2017,133.449997,133.699997,132.660004,133.440002,133.440002,13226500
16-02-2017,133.070007,133.869995,133.020004,133.839996,133.839996,12831100
17-02-2017,133.5,134.089996,133.169998,133.529999,133.529999,12276500
21-02-2017,133.5,133.910004,132.899994,133.720001,133.720001,14759100
22-02-2017,133.600006,136.789993,133.460007,136.119995,136.119995,27360100
23-02-2017,135.889999,136.119995,134.330002,135.360001,135.360001,18422500
24-02-2017,134.160004,135.619995,134.160004,135.440002,135.440002,12625700
27-02-2017,135.259995,137.179993,135.020004,136.410004,136.410004,14306700
28-02-2017,136.789993,136.809998,134.75,135.539993,135.539993,16112100
01-03-2017,136.470001,137.479996,136.300003,137.419998,137.419998,16257000
02-03-2017,137.089996,137.820007,136.309998,136.759995,136.759995,12294800
03-03-2017,136.630005,137.330002,136.080002,137.169998,137.169998,11160600
06-03-2017,136.880005,137.830002,136.509995,137.419998,137.419998,12748200
07-03-2017,137.029999,138.369995,136.990005,137.300003,137.300003,13527100
08-03-2017,137.149994,137.990005,137.050003,137.720001,137.720001,10184500
09-03-2017,137.720001,138.570007,137.399994,138.240005,138.240005,15535300
10-03-2017,138.910004,139.490005,138.220001,138.789993,138.789993,16314100
13-03-2017,138.710007,139.679993,138.669998,139.600006,139.600006,10955500
14-03-2017,139.460007,139.460007,138.520004,139.320007,139.320007,12944000
15-03-2017,139.289993,140.100006,138.490005,139.720001,139.720001,19344800
16-03-2017,140.199997,140.25,139.729996,139.990005,139.990005,13612900
17-03-2017,140.339996,140.339996,139.699997,139.839996,139.839996,20592800
20-03-2017,139.710007,140.190002,139.25,139.940002,139.940002,12099500
21-03-2017,141.149994,142.309998,138.399994,138.509995,138.509995,29894800
22-03-2017,137.929993,139.789993,137.600006,139.589996,139.589996,17055400
23-03-2017,139.479996,140.389999,139.089996,139.529999,139.529999,13022800
24-03-2017,140.080002,141.020004,139.759995,140.339996,140.339996,16664700
27-03-2017,139.050003,140.649994,138.770004,140.320007,140.320007,12800500
28-03-2017,140.360001,141.949997,140.009995,141.759995,141.759995,14679400
29-03-2017,141.990005,142.860001,141.429993,142.649994,142.649994,16527600
30-03-2017,142.399994,142.949997,141.850006,142.410004,142.410004,12404000
31-03-2017,142.309998,142.630005,141.889999,142.050003,142.050003,11478300
03-04-2017,141.929993,142.470001,140.820007,142.279999,142.279999,13564000
04-04-2017,141.860001,142.089996,141.270004,141.729996,141.729996,12948600
05-04-2017,142.259995,143.440002,141.289993,141.850006,141.850006,17158100
06-04-2017,142.110001,142.220001,140.910004,141.169998,141.169998,15103400
07-04-2017,141.199997,141.550003,140.240005,140.779999,140.779999,11818300
10-04-2017,141,141.429993,140.630005,141.039993,141.039993,9039400
11-04-2017,140.800003,141.029999,138.809998,139.919998,139.919998,16638100
12-04-2017,139.720001,140.399994,139.440002,139.580002,139.580002,11612500
13-04-2017,139.619995,140.580002,139.330002,139.389999,139.389999,10965600
17-04-2017,139.759995,141.550003,139.75,141.419998,141.419998,11519700
18-04-2017,141.270004,141.910004,140.610001,140.960007,140.960007,14807500
19-04-2017,141.350006,143.039993,141.270004,142.270004,142.270004,15563900
20-04-2017,142.949997,144.25,142.690002,143.800003,143.800003,15968200
21-04-2017,143.899994,144.169998,142.270004,143.679993,143.679993,12382000
24-04-2017,144.960007,145.669998,144.339996,145.470001,145.470001,14407200
25-04-2017,145.789993,147.149994,145.789993,146.490005,146.490005,17767500
26-04-2017,147.089996,147.589996,146.089996,146.559998,146.559998,12395000
27-04-2017,146.669998,147.75,146.139999,147.699997,147.699997,11275100
28-04-2017,149.5,151.529999,149.070007,150.25,150.25,30652200
01-05-2017,151.740005,152.570007,151.419998,152.460007,152.460007,25218300
02-05-2017,153.339996,153.440002,151.660004,152.779999,152.779999,21870400
03-05-2017,153.600006,153.600006,151.339996,151.800003,151.800003,29782500
04-05-2017,150.169998,151.520004,148.720001,150.850006,150.850006,36225500
05-05-2017,151.449997,151.630005,149.789993,150.240005,150.240005,17148500
08-05-2017,150.710007,151.080002,149.740005,151.059998,151.059998,15827500
09-05-2017,151.490005,152.589996,150.210007,150.479996,150.479996,17453900
10-05-2017,150.229996,150.520004,148.860001,150.289993,150.289993,12080700
11-05-2017,150.309998,150.649994,149.410004,150.039993,150.039993,11841900
12-05-2017,150.399994,150.460007,149.630005,150.330002,150.330002,9598200
15-05-2017,150.169998,151.479996,149.770004,150.190002,150.190002,15064700
16-05-2017,150.110001,150.210007,149.029999,149.779999,149.779999,14550800
17-05-2017,148,148.669998,144.419998,144.850006,144.850006,28300100
18-05-2017,144.720001,148.149994,144.509995,147.660004,147.660004,23031600
19-05-2017,148.449997,149.389999,147.960007,148.059998,148.059998,16187900
22-05-2017,148.080002,148.589996,147.690002,148.240005,148.240005,12586700
23-05-2017,148.520004,148.809998,147.25,148.070007,148.070007,12817800
24-05-2017,148.509995,150.229996,148.419998,150.039993,150.039993,17862400
25-05-2017,150.300003,152.589996,149.949997,151.960007,151.960007,19891400
26-05-2017,152.229996,152.25,151.149994,152.130005,152.130005,14996200
30-05-2017,151.970001,152.899994,151.639999,152.380005,152.380005,13226000
31-05-2017,152.699997,153.350006,151.089996,151.460007,151.460007,18023900
01-06-2017,151.75,152.289993,150.300003,151.529999,151.529999,14530600
02-06-2017,151.850006,153.630005,151.300003,153.610001,153.610001,16854400
05-06-2017,153.639999,154.710007,153.410004,153.630005,153.630005,12520400
06-06-2017,153.410004,154.520004,152.479996,152.809998,152.809998,13457100
07-06-2017,153.270004,153.75,152.339996,153.119995,153.119995,12066700
08-06-2017,154.080002,154.729996,153.100006,154.710007,154.710007,17799400
09-06-2017,154.770004,155.589996,146.610001,149.600006,149.600006,35577700
12-06-2017,148.169998,149.199997,144.559998,148.440002,148.440002,33170200
13-06-2017,150.149994,151.179993,148.899994,150.679993,150.679993,20483400
14-06-2017,151.259995,152.399994,149.050003,150.25,150.25,20808800
15-06-2017,147.669998,150.039993,146.369995,149.800003,149.800003,18994200
16-06-2017,149.589996,150.830002,148.600006,150.639999,150.639999,22882400
19-06-2017,151.710007,153.570007,151.710007,152.869995,152.869995,19026500
20-06-2017,152.880005,153.839996,152.210007,152.25,152.25,14743900
21-06-2017,152.360001,154.080002,151.880005,153.910004,153.910004,15039800
22-06-2017,153.009995,154.550003,152.910004,153.399994,153.399994,13005500
23-06-2017,152.720001,155.199997,152.649994,155.070007,155.070007,18027000
26-06-2017,156.25,156.5,153.199997,153.589996,153.589996,18049700
27-06-2017,152.839996,153.309998,150.389999,150.580002,150.580002,19360800
28-06-2017,150.919998,153.470001,149.860001,153.240005,153.240005,16719100
29-06-2017,152.279999,152.5,148.919998,151.039993,151.039993,23973500
30-06-2017,151.899994,151.919998,150.059998,150.979996,150.979996,17666000
03-07-2017,151.720001,152.149994,147.800003,148.429993,148.429993,13862700
05-07-2017,149,150.850006,148.130005,150.339996,150.339996,14334300
06-07-2017,149.029999,150.039993,148,148.820007,148.820007,14951800
07-07-2017,149.25,151.990005,149.190002,151.440002,151.440002,13615900
10-07-2017,151.690002,153.979996,151.509995,153.5,153.5,13378700
11-07-2017,153.369995,155.419998,152.910004,155.270004,155.270004,13667700
12-07-2017,156.490005,159.160004,156.199997,158.899994,158.899994,22739400
13-07-2017,158.740005,159.779999,158.419998,159.259995,159.259995,13929200
14-07-2017,160.130005,160.320007,159.330002,159.970001,159.970001,16371200
17-07-2017,160.25,160.779999,158.809998,159.729996,159.729996,12858800
18-07-2017,159.660004,163.729996,159.419998,162.860001,162.860001,23722900
19-07-2017,163.589996,165.699997,163.169998,164.139999,164.139999,26273600
20-07-2017,164.800003,165,162.809998,164.529999,164.529999,18523100
21-07-2017,164.160004,165.050003,163.75,164.429993,164.429993,14744000
24-07-2017,164.639999,166.169998,164.309998,166,166,17367000
25-07-2017,165.009995,165.539993,163.860001,165.279999,165.279999,15383200
26-07-2017,166.009995,166.009995,164.100006,165.610001,165.610001,35236900
27-07-2017,174.699997,175.490005,167.5,170.440002,170.440002,68910700
28-07-2017,169.070007,173.429993,169.050003,172.449997,172.449997,24557600
31-07-2017,172,172.720001,168.550003,169.25,169.25,25478900
01-08-2017,169.820007,170.470001,169.050003,169.860001,169.860001,14385000
02-08-2017,170.300003,170.550003,166.910004,169.300003,169.300003,17433800
03-08-2017,169.300003,169.699997,168.25,168.589996,168.589996,10793800
04-08-2017,168.970001,170.059998,168.690002,169.619995,169.619995,10777700
07-08-2017,169.949997,172.059998,169.660004,171.979996,171.979996,12787800
08-08-2017,171.880005,173.050003,170.619995,171.229996,171.229996,14393500
09-08-2017,169.979996,171.449997,169.559998,171.179993,171.179993,10815000
10-08-2017,170.059998,170.589996,166.850006,167.399994,167.399994,20832700
11-08-2017,167.949997,168.820007,166.850006,168.080002,168.080002,13791200
14-08-2017,170.089996,171.080002,169.289993,170.75,170.75,12954200
15-08-2017,171.490005,171.5,170.009995,171,171,8729200
16-08-2017,171.25,171.380005,169.240005,170,170,15779900
17-08-2017,169.339996,169.860001,166.850006,166.910004,166.910004,17216000
18-08-2017,166.839996,168.669998,166.210007,167.410004,167.410004,15093600
21-08-2017,167.160004,168,165.820007,167.779999,167.779999,11907500
22-08-2017,168.279999,169.869995,167.149994,169.639999,169.639999,11391000
23-08-2017,168.839996,169.360001,168.199997,168.710007,168.710007,9856500
24-08-2017,168.880005,169.289993,166.410004,167.740005,167.740005,14030400
25-08-2017,167.860001,168.380005,166.179993,166.320007,166.320007,12614500
28-08-2017,166.910004,167.699997,166.330002,167.240005,167.240005,8553700
29-08-2017,165.25,168.429993,165,168.050003,168.050003,11121000
30-08-2017,168.169998,170.179993,167.630005,169.919998,169.919998,11138300
31-08-2017,170.399994,172.149994,170.059998,171.970001,171.970001,17226500
01-09-2017,172.399994,172.919998,171.309998,172.020004,172.020004,11677600
05-09-2017,171.270004,172.389999,169.550003,170.720001,170.720001,13210900
06-09-2017,170.910004,172.479996,169.570007,172.089996,172.089996,13906300
07-09-2017,171.940002,173.309998,170.270004,173.210007,173.210007,18049500
08-09-2017,173.089996,173.490005,170.800003,170.949997,170.949997,10998500
11-09-2017,172.399994,173.889999,172.199997,173.509995,173.509995,12372000
12-09-2017,173.759995,174,171.75,172.960007,172.960007,11186300
13-09-2017,173.009995,173.169998,172.059998,173.050003,173.050003,9119300
14-09-2017,172.259995,172.279999,170.5,170.960007,170.960007,15615700
15-09-2017,170.880005,172.339996,170.259995,171.639999,171.639999,15660500
18-09-2017,171.990005,172.070007,169.339996,170.009995,170.009995,12954000
19-09-2017,170.619995,172.559998,170.360001,172.520004,172.520004,13168600
20-09-2017,172.5,173.050003,170.699997,172.169998,172.169998,12264100
21-09-2017,171.690002,172.270004,170.009995,171.110001,171.110001,11161400
22-09-2017,170.210007,171.729996,169.220001,170.539993,170.539993,12097100
25-09-2017,169.240005,169.300003,161.559998,162.869995,162.869995,41251600
26-09-2017,164.5,165.5,162.779999,164.210007,164.210007,23363300
27-09-2017,165.899994,168.339996,165.570007,167.679993,167.679993,19242500
28-09-2017,167.940002,169.070007,167.160004,168.729996,168.729996,12178700
29-09-2017,168.830002,171.660004,168.809998,170.869995,170.869995,15340400
02-10-2017,171.389999,171.869995,168.75,169.470001,169.470001,13392300
03-10-2017,169.300003,170.729996,169.199997,169.960007,169.960007,8190300
04-10-2017,169.830002,170.669998,168.289993,168.419998,168.419998,12127900
05-10-2017,169.179993,171.309998,168.600006,171.240005,171.240005,14580600
06-10-2017,170.25,172.369995,169.75,172.229996,172.229996,13124500
09-10-2017,172.699997,174.880005,172,172.5,172.5,14570400
10-10-2017,173,173.199997,170.800003,171.589996,171.589996,11341100
11-10-2017,171.949997,172.779999,171.399994,172.740005,172.740005,11283700
12-10-2017,172.610001,173.850006,172.289993,172.550003,172.550003,10351000
13-10-2017,173.449997,174.649994,173.199997,173.740005,173.740005,13658300
16-10-2017,174.490005,175,174.059998,174.520004,174.520004,11498800
17-10-2017,174.710007,176.130005,174.360001,176.110001,176.110001,15990100
18-10-2017,176.649994,176.740005,175.75,176.029999,176.029999,12752400
19-10-2017,174.929993,176.029999,172.630005,174.559998,174.559998,14048400
20-10-2017,175.5,175.880005,174.630005,174.979996,174.979996,12602200
23-10-2017,175.199997,175.339996,171.25,171.270004,171.270004,13852700
24-10-2017,172.300003,173.240005,171.5,171.800003,171.800003,12267900
25-10-2017,171.899994,172.25,168.889999,170.600006,170.600006,15868200
26-10-2017,171.380005,172.289993,170.389999,170.630005,170.630005,11833100
27-10-2017,174.149994,178.210007,173.899994,177.880005,177.880005,30285300
30-10-2017,179.259995,180.690002,177.610001,179.869995,179.869995,24353200
31-10-2017,180.570007,180.800003,178.940002,180.059998,180.059998,20174200
01-11-2017,182.360001,182.899994,180.570007,182.660004,182.660004,40918300
02-11-2017,180.630005,181.940002,177.339996,178.919998,178.919998,35529900
03-11-2017,179.289993,179.860001,176.710007,178.919998,178.919998,17822100
06-11-2017,178.559998,180.449997,178.309998,180.169998,180.169998,13312700
07-11-2017,180.5,180.75,178.960007,180.25,180.25,12928200
08-11-2017,179.789993,180.350006,179.110001,179.559998,179.559998,10494100
09-11-2017,178.309998,179.399994,177.089996,179.300003,179.300003,12610300
10-11-2017,178.350006,179.100006,177.960007,178.460007,178.460007,11070200
13-11-2017,177.5,179.039993,177.300003,178.770004,178.770004,9523400
14-11-2017,178.130005,178.970001,177.179993,178.070007,178.070007,9585900
15-11-2017,176.660004,178.570007,176.399994,177.949997,177.949997,10253700
16-11-2017,178.759995,179.830002,178.5,179.589996,179.589996,15607600
17-11-2017,179.300003,179.979996,178.899994,179,179,13018000
20-11-2017,178.869995,179.5,178.100006,178.740005,178.740005,10052400
21-11-2017,179.149994,181.889999,178.990005,181.860001,181.860001,14504000
22-11-2017,181.300003,181.729996,180.440002,180.869995,180.869995,10376300
24-11-2017,180.399994,183.149994,180.289993,182.779999,182.779999,9426300
27-11-2017,182.559998,183.729996,181.990005,183.029999,183.029999,12344500
28-11-2017,183.509995,184.25,182.089996,182.419998,182.419998,14379700
29-11-2017,181.889999,181.970001,174,175.130005,175.130005,41933500
30-11-2017,176.850006,178.279999,175.199997,177.179993,177.179993,25307600
01-12-2017,176.029999,177.479996,172.339996,175.100006,175.100006,20182500
04-12-2017,176.289993,176.570007,170.789993,171.470001,171.470001,24459400
05-12-2017,170.449997,175.380005,169.009995,172.830002,172.830002,20184900
06-12-2017,172.5,176.770004,171.899994,176.059998,176.059998,20255800
07-12-2017,175.800003,180.389999,175.800003,180.139999,180.139999,20404500
08-12-2017,181.529999,182.279999,178.740005,179,179,19883800
11-12-2017,179.300003,180.220001,178.800003,179.039993,179.039993,13168600
12-12-2017,178.600006,179.179993,176.600006,176.960007,176.960007,16854100
13-12-2017,177.300003,179.160004,177.25,178.300003,178.300003,14615700
14-12-2017,178.289993,180.360001,177.679993,178.389999,178.389999,13591000
15-12-2017,179.020004,180.490005,178.360001,180.179993,180.179993,28463100
18-12-2017,181.009995,181.300003,179.75,180.820007,180.820007,17265400
19-12-2017,179.949997,180.080002,178.220001,179.509995,179.509995,14920600
20-12-2017,179.809998,179.809998,177.360001,177.889999,177.889999,11860500
21-12-2017,177.940002,178.679993,177.050003,177.449997,177.449997,11600700
22-12-2017,177.139999,177.529999,176.229996,177.199997,177.199997,8509500
26-12-2017,176.630005,177,174.669998,175.990005,175.990005,8897300
27-12-2017,176.550003,178.440002,176.259995,177.619995,177.619995,9496100
28-12-2017,177.949997,178.940002,177.679993,177.919998,177.919998,12220800
29-12-2017,178,178.850006,176.460007,176.460007,176.460007,10261500
02-01-2018,177.679993,181.580002,177.550003,181.419998,181.419998,18151900
03-01-2018,181.880005,184.779999,181.330002,184.669998,184.669998,16886600
04-01-2018,184.899994,186.210007,184.100006,184.330002,184.330002,13880900
05-01-2018,185.589996,186.899994,184.929993,186.850006,186.850006,13574500
08-01-2018,187.199997,188.899994,186.330002,188.279999,188.279999,17994700
09-01-2018,188.699997,188.800003,187.100006,187.869995,187.869995,12393100
10-01-2018,186.940002,187.889999,185.630005,187.839996,187.839996,10529900
11-01-2018,188.399994,188.399994,187.380005,187.770004,187.770004,9588600
12-01-2018,178.059998,181.479996,177.399994,179.369995,179.369995,77551300
16-01-2018,181.5,181.75,178.039993,178.389999,178.389999,36183800
17-01-2018,179.259995,179.320007,175.800003,177.600006,177.600006,27992400
18-01-2018,178.130005,180.979996,177.080002,179.800003,179.800003,23304900
19-01-2018,180.850006,182.369995,180.169998,181.289993,181.289993,26826500
22-01-2018,180.800003,185.389999,180.410004,185.369995,185.369995,21059500
23-01-2018,186.050003,189.550003,185.550003,189.350006,189.350006,25678800
24-01-2018,189.889999,190.660004,186.520004,186.550003,186.550003,24334500
25-01-2018,187.949997,188.619995,186.600006,187.479996,187.479996,17377700
26-01-2018,187.75,190,186.809998,190,190,17759200
29-01-2018,188.75,188.839996,185.630005,185.979996,185.979996,20453200
30-01-2018,187.619995,188.179993,181.839996,187.119995,187.119995,20858600
31-01-2018,188.369995,189.830002,185.220001,186.889999,186.889999,43275100
01-02-2018,188.220001,195.320007,187.889999,193.089996,193.089996,54211300
02-02-2018,192.039993,194.210007,189.979996,190.279999,190.279999,26677500
05-02-2018,186.929993,190.610001,180.610001,181.259995,181.259995,33128200
06-02-2018,178.570007,185.770004,177.740005,185.309998,185.309998,37758500
07-02-2018,184.149994,185.080002,179.949997,180.179993,180.179993,27601900
08-02-2018,181.009995,181.839996,171.479996,171.580002,171.580002,38478300
09-02-2018,174.759995,176.899994,167.179993,176.110001,176.110001,39887600
12-02-2018,177.059998,177.550003,171.839996,176.410004,176.410004,32092100
13-02-2018,175.619995,175.970001,173.100006,173.149994,173.149994,21809400
14-02-2018,173.449997,179.809998,173.210007,179.520004,179.520004,28929700
15-02-2018,180.5,180.5,176.839996,179.960007,179.960007,20922100
16-02-2018,178.990005,179.880005,176.300003,177.360001,177.360001,20645300
20-02-2018,175.770004,177.949997,175.110001,176.009995,176.009995,21204900
21-02-2018,176.710007,181.270004,176.399994,177.910004,177.910004,23200800
22-02-2018,178.699997,180.210007,177.410004,178.990005,178.990005,18464200
23-02-2018,179.899994,183.389999,179.509995,183.289993,183.289993,19007300
26-02-2018,184.580002,185.660004,183.220001,184.929993,184.929993,17599700
27-02-2018,184.449997,184.699997,181.460007,181.460007,181.460007,15849800
28-02-2018,182.300003,182.880005,178.139999,178.320007,178.320007,18783000
01-03-2018,179.009995,180.119995,174.410004,175.940002,175.940002,23201600
02-03-2018,173.289993,177.110001,172.990005,176.619995,176.619995,20025900
05-03-2018,176.199997,181.149994,175.889999,180.399994,180.399994,16189300
06-03-2018,181.779999,182.380005,179.110001,179.779999,179.779999,15086800
07-03-2018,178.740005,183.820007,178.070007,183.710007,183.710007,19097300
08-03-2018,183.559998,184.399994,181.449997,182.339996,182.339996,17225900
09-03-2018,183.910004,185.509995,183.210007,185.229996,185.229996,18526300
12-03-2018,185.229996,186.100006,184.220001,184.759995,184.759995,15301200
13-03-2018,185.610001,185.990005,181.110001,181.880005,181.880005,18067500
14-03-2018,182.600006,184.25,181.850006,184.190002,184.190002,16821700
15-03-2018,183.240005,184,182.190002,183.860001,183.860001,15614300
16-03-2018,184.490005,185.330002,183.410004,185.089996,185.089996,24403400
19-03-2018,177.009995,177.169998,170.059998,172.559998,172.559998,88140100
20-03-2018,167.470001,170.199997,161.949997,168.149994,168.149994,129851800
21-03-2018,164.800003,173.399994,163.300003,169.389999,169.389999,106598800
22-03-2018,166.130005,170.270004,163.720001,164.889999,164.889999,73743000
23-03-2018,165.440002,166.600006,159.020004,159.389999,159.389999,53609700
26-03-2018,160.820007,161.100006,149.020004,160.059998,160.059998,126116600
27-03-2018,156.309998,162.850006,150.75,152.220001,152.220001,79117000
28-03-2018,151.649994,155.880005,150.800003,153.029999,153.029999,60029200
29-03-2018,155.149994,161.419998,154.139999,159.789993,159.789993,59434300
02-04-2018,157.809998,159.199997,154.110001,155.389999,155.389999,36796000
03-04-2018,156.550003,157.389999,150.809998,156.110001,156.110001,42543900
04-04-2018,152.029999,155.559998,150.509995,155.100006,155.100006,49885600
05-04-2018,161.559998,161.570007,156.649994,159.339996,159.339996,41449600
06-04-2018,157.729996,161.419998,156.809998,157.199997,157.199997,41644800
09-04-2018,157.820007,160.529999,156.039993,157.929993,157.929993,34915200
10-04-2018,157.929993,165.979996,157.009995,165.039993,165.039993,57889300
11-04-2018,165.360001,168.649994,163.25,166.320007,166.320007,56144600
12-04-2018,166.979996,167.449997,163.100006,163.869995,163.869995,38263000
13-04-2018,164.580002,165.699997,163.770004,164.520004,164.520004,19990600
16-04-2018,165.720001,165.779999,163.389999,164.830002,164.830002,18119400
17-04-2018,165.830002,169,165.660004,168.660004,168.660004,22743000
18-04-2018,166.880005,168.119995,165.770004,166.360001,166.360001,20969600
19-04-2018,166.199997,168.330002,165.199997,168.100006,168.100006,22235000
20-04-2018,167.789993,168.429993,165.809998,166.279999,166.279999,19119400
23-04-2018,167.270004,168.449997,165.089996,165.839996,165.839996,23088100
24-04-2018,165.429993,166.100006,158.190002,159.690002,159.690002,35079900
25-04-2018,160.139999,161.059998,156.190002,159.690002,159.690002,41083600
26-04-2018,173.220001,176.270004,170.800003,174.160004,174.160004,77556900
27-04-2018,176.809998,177.100006,172.600006,173.589996,173.589996,29804700
30-04-2018,173.789993,175.720001,171.710007,172,172,20750500
01-05-2018,172,174.020004,170.229996,173.860001,173.860001,26025900
02-05-2018,174.25,178.080002,174.199997,176.070007,176.070007,30424500
03-05-2018,175.130005,176.119995,172.119995,174.020004,174.020004,24026100
04-05-2018,173.080002,176.979996,173.059998,176.610001,176.610001,17677800
07-05-2018,177.350006,179.5,177.169998,177.970001,177.970001,18697200
08-05-2018,178.25,179.039993,177.110001,178.919998,178.919998,15577200
09-05-2018,179.669998,183.009995,178.779999,182.660004,182.660004,23282800
10-05-2018,183.149994,186.130005,182.5,185.529999,185.529999,21071400
11-05-2018,184.850006,188.320007,184.179993,186.990005,186.990005,21207800
14-05-2018,187.710007,187.860001,186.199997,186.639999,186.639999,15646700
15-05-2018,184.880005,185.289993,183.199997,184.320007,184.320007,15429400
16-05-2018,183.699997,184.320007,182.660004,183.199997,183.199997,16975500
17-05-2018,182.679993,184.059998,182.220001,183.759995,183.759995,14840700
18-05-2018,183.490005,184.190002,182.610001,182.679993,182.679993,13130500
21-05-2018,183.770004,185.300003,183.130005,184.490005,184.490005,13532900
22-05-2018,184.929993,185.419998,183.429993,183.800003,183.800003,12731400
23-05-2018,182.5,186.910004,182.179993,186.899994,186.899994,16628100
24-05-2018,185.880005,186.800003,185.029999,185.929993,185.929993,12354700
25-05-2018,186.020004,186.330002,184.449997,184.919998,184.919998,10965100
29-05-2018,184.339996,186.809998,183.710007,185.740005,185.740005,16398900
30-05-2018,186.539993,188,185.25,187.669998,187.669998,13736900
31-05-2018,187.869995,192.720001,187.479996,191.779999,191.779999,30782600
01-06-2018,193.070007,194.550003,192.070007,193.990005,193.990005,17307200
04-06-2018,191.839996,193.979996,191.470001,193.279999,193.279999,18939800
05-06-2018,194.300003,195,192.619995,192.940002,192.940002,15544300
06-06-2018,191.029999,192.529999,189.110001,191.339996,191.339996,22558900
07-06-2018,190.75,190.970001,186.770004,188.179993,188.179993,21503200
08-06-2018,187.529999,189.479996,186.429993,189.100006,189.100006,12677100
11-06-2018,188.809998,192.600006,188.800003,191.539993,191.539993,12928900
12-06-2018,192.169998,193.279999,191.559998,192.399994,192.399994,11562700
13-06-2018,192.740005,194.5,191.910004,192.410004,192.410004,15853800
14-06-2018,193.100006,197.279999,192.910004,196.809998,196.809998,19120900
15-06-2018,195.789993,197.070007,194.639999,195.850006,195.850006,21860900
18-06-2018,194.800003,199.580002,194.130005,198.309998,198.309998,16826000
19-06-2018,196.240005,197.960007,193.789993,197.490005,197.490005,19994000
20-06-2018,199.100006,203.550003,198.809998,202,202,28230900
21-06-2018,202.759995,203.389999,200.089996,201.5,201.5,19045700
22-06-2018,201.160004,202.240005,199.309998,201.740005,201.740005,17420200
25-06-2018,200,200,193.110001,196.350006,196.350006,25275100
26-06-2018,197.600006,199.100006,196.229996,199,199,17897600
27-06-2018,199.179993,200.75,195.800003,195.839996,195.839996,18734400
28-06-2018,195.179993,197.339996,193.259995,196.229996,196.229996,18172400
29-06-2018,197.320007,197.600006,193.960007,194.320007,194.320007,15811600
02-07-2018,193.369995,197.449997,192.220001,197.360001,197.360001,13961600
03-07-2018,194.550003,195.399994,192.520004,192.729996,192.729996,13489500
05-07-2018,194.740005,198.649994,194.029999,198.449997,198.449997,19684200
06-07-2018,198.449997,203.639999,197.699997,203.229996,203.229996,19740100
09-07-2018,204.929993,205.800003,202.119995,204.740005,204.740005,18149400
10-07-2018,204.5,204.910004,202.259995,203.539993,203.539993,13190100
11-07-2018,202.220001,204.5,201.75,202.539993,202.539993,12927400
12-07-2018,203.429993,207.080002,203.190002,206.919998,206.919998,15454700
13-07-2018,207.809998,208.429993,206.449997,207.320007,207.320007,11486800
16-07-2018,207.5,208.720001,206.839996,207.229996,207.229996,11078200
17-07-2018,204.899994,210.460007,204.839996,209.990005,209.990005,15349900
18-07-2018,209.820007,210.990005,208.440002,209.360001,209.360001,15334900
19-07-2018,208.770004,209.990005,207.759995,208.089996,208.089996,11350400
20-07-2018,208.850006,211.5,208.5,209.940002,209.940002,16163900
23-07-2018,210.580002,211.619995,208.800003,210.910004,210.910004,16732000
24-07-2018,215.110001,216.199997,212.600006,214.669998,214.669998,28468700
25-07-2018,215.720001,218.619995,214.270004,217.5,217.5,58954200
26-07-2018,174.889999,180.130005,173.75,176.259995,176.259995,169803700
27-07-2018,179.869995,179.929993,173,174.889999,174.889999,60073700
30-07-2018,175.300003,175.300003,166.559998,171.059998,171.059998,65280800
31-07-2018,170.669998,174.240005,170,172.580002,172.580002,40356500
01-08-2018,173.929993,175.080002,170.899994,171.649994,171.649994,34042100
02-08-2018,170.679993,176.789993,170.270004,176.369995,176.369995,32400000
03-08-2018,177.690002,178.850006,176.149994,177.779999,177.779999,24763400
06-08-2018,178.970001,185.789993,178.380005,185.690002,185.690002,49716200
07-08-2018,186.5,188.300003,183.720001,183.809998,183.809998,33398600
08-08-2018,184.75,186.850006,183.759995,185.179993,185.179993,22205200
09-08-2018,185.850006,186.570007,182.479996,183.089996,183.089996,19732100
10-08-2018,182.039993,182.100006,179.419998,180.259995,180.259995,21500400
13-08-2018,180.100006,182.610001,178.899994,180.050003,180.050003,17423300
14-08-2018,180.710007,181.990005,178.619995,181.110001,181.110001,19102000
15-08-2018,179.339996,180.869995,174.779999,179.529999,179.529999,33020200
16-08-2018,180.419998,180.5,174.009995,174.699997,174.699997,31351800
17-08-2018,174.5,176.220001,172.039993,173.800003,173.800003,24893200
20-08-2018,174.039993,174.570007,170.910004,172.5,172.5,21518000
21-08-2018,172.809998,174.169998,171.389999,172.619995,172.619995,19578500
22-08-2018,172.210007,174.240005,172.130005,173.639999,173.639999,16894100
23-08-2018,173.089996,175.550003,172.830002,172.899994,172.899994,18053600
24-08-2018,173.699997,174.820007,172.919998,174.649994,174.649994,14631600
27-08-2018,175.990005,178.669998,175.789993,177.460007,177.460007,17921900
28-08-2018,178.100006,178.240005,175.830002,176.259995,176.259995,15910700
29-08-2018,176.300003,176.789993,174.75,175.899994,175.899994,18494100
30-08-2018,175.899994,179.789993,175.699997,177.639999,177.639999,24216500
31-08-2018,177.149994,177.619995,174.979996,175.729996,175.729996,18065200
04-09-2018,173.5,173.889999,168.800003,171.160004,171.160004,29809000
05-09-2018,169.490005,171.130005,166.669998,167.179993,167.179993,31226700
06-09-2018,166.979996,166.979996,160,162.529999,162.529999,41514800
07-09-2018,160.309998,164.630005,160.160004,163.039993,163.039993,24300600
10-09-2018,163.509995,165.009995,162.160004,164.179993,164.179993,20197700
11-09-2018,163.940002,167.190002,163.720001,165.940002,165.940002,20457100
12-09-2018,163.25,164.490005,161.800003,162,162,24078100
13-09-2018,162,163.320007,160.860001,161.360001,161.360001,25453800
14-09-2018,161.720001,162.839996,160.339996,162.320007,162.320007,21770400
17-09-2018,161.919998,162.059998,159.770004,160.580002,160.580002,21005300
18-09-2018,159.389999,161.759995,158.869995,160.300003,160.300003,22465200
19-09-2018,160.080002,163.440002,159.479996,163.059998,163.059998,19629000
20-09-2018,164.5,166.449997,164.470001,166.020004,166.020004,18936000
21-09-2018,166.639999,167.25,162.809998,162.929993,162.929993,45994800
24-09-2018,161.029999,165.699997,160.880005,165.410004,165.410004,19222800
25-09-2018,161.990005,165.589996,161.149994,164.910004,164.910004,27622800
26-09-2018,164.300003,169.300003,164.210007,166.949997,166.949997,25252200
27-09-2018,167.550003,171.770004,167.210007,168.839996,168.839996,27266900
28-09-2018,168.330002,168.789993,162.559998,164.460007,164.460007,34265600
01-10-2018,163.029999,165.880005,161.259995,162.440002,162.440002,26407700
02-10-2018,161.580002,162.279999,158.669998,159.330002,159.330002,36031000
03-10-2018,160,163.660004,159.529999,162.429993,162.429993,23109500
04-10-2018,161.460007,161.460007,157.350006,158.850006,158.850006,25739600
05-10-2018,159.210007,160.899994,156.199997,157.330002,157.330002,25744000
08-10-2018,155.539993,158.339996,154.389999,157.25,157.25,24046000
09-10-2018,157.690002,160.589996,157.419998,157.899994,157.899994,18844400
10-10-2018,156.820007,157.690002,151.309998,151.380005,151.380005,30610000
11-10-2018,150.130005,154.809998,149.160004,153.350006,153.350006,35338900
12-10-2018,156.729996,156.889999,151.300003,153.740005,153.740005,25293500
15-10-2018,153.320007,155.570007,152.550003,153.520004,153.520004,15433500
16-10-2018,155.399994,159.460007,155.009995,158.779999,158.779999,19180100
17-10-2018,159.559998,160.490005,157.949997,159.419998,159.419998,17592000
18-10-2018,158.509995,158.660004,153.279999,154.919998,154.919998,21675100
19-10-2018,155.860001,157.350006,153.550003,154.050003,154.050003,19761300
22-10-2018,154.759995,157.339996,154.460007,154.779999,154.779999,15424700
23-10-2018,151.220001,154.770004,150.850006,154.389999,154.389999,19095000
24-10-2018,154.279999,154.649994,145.600006,146.039993,146.039993,27744600
25-10-2018,147.729996,152.210007,147,150.949997,150.949997,22105700
26-10-2018,145.820007,149,143.800003,145.369995,145.369995,31303300
29-10-2018,148.5,148.830002,139.029999,142.089996,142.089996,31336800
30-10-2018,139.940002,146.639999,139.740005,146.220001,146.220001,50528300
31-10-2018,155,156.399994,148.960007,151.789993,151.789993,60101300
01-11-2018,151.520004,152.75,149.350006,151.75,151.75,25640800
02-11-2018,151.800003,154.130005,148.960007,150.350006,150.350006,24708700
05-11-2018,150.100006,150.190002,147.440002,148.679993,148.679993,15971200
06-11-2018,149.309998,150.970001,148,149.940002,149.940002,16667100
07-11-2018,151.570007,153.009995,149.830002,151.529999,151.529999,21877400
08-11-2018,150.490005,150.940002,146.740005,147.869995,147.869995,24145800
09-11-2018,146.75,147.759995,144.070007,144.960007,144.960007,17326900
12-11-2018,144.479996,145.039993,140.490005,141.550003,141.550003,18542100
13-11-2018,142,144.880005,141.619995,142.160004,142.160004,15141700
14-11-2018,143.699997,145.580002,141.550003,144.220001,144.220001,22068400
15-11-2018,142.330002,144.839996,140.830002,143.850006,143.850006,30320300
16-11-2018,141.070007,141.770004,137.770004,139.529999,139.529999,37250600
19-11-2018,137.610001,137.75,131.210007,131.550003,131.550003,44362700
20-11-2018,127.029999,134.160004,126.849998,132.429993,132.429993,41939500
21-11-2018,134.399994,137.190002,134.130005,134.820007,134.820007,25469700
23-11-2018,133.649994,134.5,131.259995,131.729996,131.729996,11886100
26-11-2018,133,137,132.779999,136.380005,136.380005,24263600
27-11-2018,135.75,136.610001,133.710007,135,135,20750300
28-11-2018,136.279999,136.789993,131.850006,136.759995,136.759995,29847500
29-11-2018,135.919998,139.990005,135.660004,138.679993,138.679993,24238700
30-11-2018,138.259995,140.970001,137.360001,140.610001,140.610001,25732600
03-12-2018,143,143.679993,140.759995,141.089996,141.089996,24819200
04-12-2018,140.729996,143.389999,137.160004,137.929993,137.929993,30307400
06-12-2018,133.820007,139.699997,133.669998,139.630005,139.630005,28218100
07-12-2018,139.25,140.869995,136.660004,137.419998,137.419998,21195500
10-12-2018,139.600006,143.050003,139.009995,141.850006,141.850006,26422200
11-12-2018,143.880005,143.880005,141.100006,142.080002,142.080002,20300300
12-12-2018,143.080002,147.190002,142.509995,144.5,144.5,23696900
13-12-2018,145.570007,145.850006,143.190002,145.009995,145.009995,18148600
14-12-2018,143.339996,146.009995,142.509995,144.059998,144.059998,21785800
17-12-2018,143.080002,144.919998,138.419998,140.190002,140.190002,24334000
18-12-2018,141.080002,145.929993,139.830002,143.660004,143.660004,24709100
19-12-2018,141.210007,144.910004,132.5,133.240005,133.240005,57404900
20-12-2018,130.699997,135.570007,130,133.399994,133.399994,40297900
21-12-2018,133.389999,134.899994,123.419998,124.949997,124.949997,56901500
24-12-2018,123.099998,129.740005,123.019997,124.059998,124.059998,22066000
26-12-2018,126,134.240005,125.889999,134.179993,134.179993,39723400
27-12-2018,132.440002,134.990005,129.669998,134.520004,134.520004,31202500
28-12-2018,135.339996,135.919998,132.199997,133.199997,133.199997,22627600
31-12-2018,134.449997,134.639999,129.949997,131.089996,131.089996,24625300
02-01-2019,128.990005,137.509995,128.559998,135.679993,135.679993,28146200
03-01-2019,134.690002,137.169998,131.119995,131.740005,131.740005,22717900
04-01-2019,134.009995,138,133.75,137.949997,137.949997,29002100
07-01-2019,137.559998,138.869995,135.910004,138.050003,138.050003,20089300
08-01-2019,139.889999,143.139999,139.539993,142.529999,142.529999,26263800
09-01-2019,142.949997,144.699997,141.270004,144.229996,144.229996,22205900
10-01-2019,143.080002,144.559998,140.839996,144.199997,144.199997,16125000
11-01-2019,143.149994,145.360001,142.570007,143.800003,143.800003,12908000
14-01-2019,142,146.570007,141.270004,145.389999,145.389999,20520300
15-01-2019,146.009995,150.679993,145.990005,148.949997,148.949997,24069000
16-01-2019,149,149.649994,147,147.539993,147.539993,18025700
17-01-2019,146.949997,149,146.5,148.300003,148.300003,15787900
18-01-2019,149.75,152.429993,148.550003,150.039993,150.039993,31029600
22-01-2019,149.199997,151.529999,146.369995,147.570007,147.570007,22378700
23-01-2019,148.279999,148.800003,143.059998,144.300003,144.300003,20098400
24-01-2019,144.639999,146.440002,142.520004,145.830002,145.830002,20955500
25-01-2019,147.479996,149.830002,146.539993,149.009995,149.009995,22237200
28-01-2019,148.050003,148.960007,146.210007,147.470001,147.470001,15508500
29-01-2019,148.089996,148.100006,143.429993,144.190002,144.190002,17632100
30-01-2019,146.220001,150.949997,145.699997,150.419998,150.419998,44613200
31-01-2019,165.600006,171.679993,165,166.690002,166.690002,77233600
01-02-2019,165.839996,169.100006,165.660004,165.710007,165.710007,30806500
04-02-2019,165.699997,169.300003,163.619995,169.25,169.25,20036000
05-02-2019,169.149994,171.979996,168.690002,171.160004,171.160004,22557000
06-02-2019,171.199997,172.470001,169.270004,170.490005,170.490005,13281200
07-02-2019,168.199997,169.240005,165.25,166.380005,166.380005,17517600
08-02-2019,164.470001,167.369995,164.210007,167.330002,167.330002,12561400
11-02-2019,167.899994,168.300003,165.080002,165.789993,165.789993,12811200
12-02-2019,166.860001,168.339996,164.5,165.039993,165.039993,16292300
13-02-2019,165.380005,166.220001,163.729996,164.070007,164.070007,14205100
14-02-2019,163.190002,164.869995,162.25,163.949997,163.949997,12755200
15-02-2019,164.509995,164.699997,160.860001,162.5,162.5,15504400
19-02-2019,160.5,164.149994,160.330002,162.289993,162.289993,14345400
20-02-2019,162.25,163.720001,161.25,162.559998,162.559998,11770700
21-02-2019,161.929993,162.240005,159.589996,160.039993,160.039993,15607800
22-02-2019,160.580002,162.410004,160.309998,161.889999,161.889999,15858500
25-02-2019,163.070007,166.070007,162.899994,164.619995,164.619995,18737100
26-02-2019,164.339996,166.240005,163.800003,164.130005,164.130005,13784100
27-02-2019,162.899994,163.929993,160.410004,162.809998,162.809998,12697500
28-02-2019,162.369995,163.5,160.860001,161.449997,161.449997,11114200
01-03-2019,162.600006,163.130005,161.690002,162.279999,162.279999,11097800
04-03-2019,163.899994,167.5,163.830002,167.369995,167.369995,18894700
05-03-2019,167.369995,171.880005,166.550003,171.259995,171.259995,28187900
06-03-2019,172.899994,173.570007,171.270004,172.509995,172.509995,21531700
07-03-2019,171.5,171.740005,167.610001,169.130005,169.130005,18306500
08-03-2019,166.199997,169.619995,165.970001,169.600006,169.600006,13184800
11-03-2019,171.600006,174.300003,171.580002,172.070007,172.070007,18884000
12-03-2019,172.089996,173.800003,171.220001,171.919998,171.919998,12155300
13-03-2019,172.320007,174.029999,172.119995,173.369995,173.369995,11973300
14-03-2019,169.759995,171.149994,168.160004,170.169998,170.169998,18037400
15-03-2019,167.160004,167.580002,162.509995,165.979996,165.979996,37135400
18-03-2019,163.570007,163.899994,159.279999,160.470001,160.470001,37524200
19-03-2019,161.479996,163.820007,160.820007,161.570007,161.570007,25611500
20-03-2019,161.5,166.119995,161.240005,165.440002,165.440002,20211500
21-03-2019,164.889999,166.389999,163.75,166.080002,166.080002,16223000
22-03-2019,165.649994,167.419998,164.089996,164.339996,164.339996,16389200
25-03-2019,163,166.539993,162,166.289993,166.289993,12631200
26-03-2019,167.350006,169.449997,166.350006,167.679993,167.679993,15437900
27-03-2019,167.850006,168.940002,164.789993,165.869995,165.869995,10620300
28-03-2019,164.570007,166.720001,163.330002,165.550003,165.550003,10443000
29-03-2019,166.389999,167.190002,164.809998,166.690002,166.690002,13455500
01-04-2019,167.830002,168.899994,167.279999,168.699997,168.699997,10381500
02-04-2019,170.139999,174.899994,169.550003,174.199997,174.199997,23946500
03-04-2019,174.5,177.960007,172.949997,173.539993,173.539993,27391100
04-04-2019,176.020004,178,175.529999,176.020004,176.020004,17847700
05-04-2019,176.880005,177,175.100006,175.720001,175.720001,9594100
08-04-2019,175.210007,175.5,174.229996,174.929993,174.929993,7297400
09-04-2019,175.619995,179.190002,175.550003,177.580002,177.580002,19751000
10-04-2019,178.179993,178.789993,176.539993,177.820007,177.820007,11701500
11-04-2019,178.240005,178.399994,177,177.509995,177.509995,8071000
12-04-2019,178,179.630005,177.949997,179.100006,179.100006,12329800
15-04-2019,178.5,180.5,176.869995,179.649994,179.649994,10834800
16-04-2019,179,180.169998,178.300003,178.869995,178.869995,11215200
17-04-2019,179.600006,180.740005,178.360001,178.779999,178.779999,9973700
18-04-2019,178.800003,178.880005,177.339996,178.279999,178.279999,11655600
22-04-2019,178.25,181.669998,178.25,181.440002,181.440002,13389900
23-04-2019,182.740005,184.220001,181.479996,183.779999,183.779999,19954800
24-04-2019,184.490005,185.139999,181.649994,182.580002,182.580002,37289900
25-04-2019,196.979996,198.479996,192.119995,193.259995,193.259995,54148800
26-04-2019,192.5,192.899994,189.089996,191.490005,191.490005,22075000
29-04-2019,190.949997,195.410004,190.649994,194.779999,194.779999,19641300
30-04-2019,194.190002,197.389999,192.279999,193.399994,193.399994,23494700
01-05-2019,194.779999,196.179993,193.009995,193.029999,193.029999,15996600
02-05-2019,193,194,189.75,192.529999,192.529999,13209500
03-05-2019,194.380005,196.160004,193.710007,195.470001,195.470001,14575400
06-05-2019,191.240005,194.279999,190.550003,193.880005,193.880005,13994900
07-05-2019,192.539993,192.899994,187.850006,189.770004,189.770004,16253000
08-05-2019,189.389999,190.720001,188.550003,189.539993,189.539993,12505700
09-05-2019,187.199997,189.770004,186.259995,188.649994,188.649994,12967000
10-05-2019,188.25,190,184.589996,188.339996,188.339996,12578500
13-05-2019,183.5,185.429993,180.839996,181.539993,181.539993,16833300
14-05-2019,182.520004,183.490005,178.100006,180.729996,180.729996,17628100
15-05-2019,180.419998,187.279999,180.020004,186.270004,186.270004,16746900
16-05-2019,185.050003,188.580002,185.050003,186.990005,186.990005,12953100
17-05-2019,184.839996,187.580002,184.279999,185.300003,185.300003,10485400
20-05-2019,181.880005,184.229996,181.369995,182.720001,182.720001,10352000
21-05-2019,184.570007,185.699997,183.889999,184.820007,184.820007,7502800
22-05-2019,184.729996,186.740005,183.610001,185.320007,185.320007,9213800
23-05-2019,182.419998,183.899994,179.669998,180.869995,180.869995,12768800
24-05-2019,182.330002,183.630005,180.830002,181.059998,181.059998,8807700
28-05-2019,181.539993,184.710007,181.449997,184.309998,184.309998,14843300
29-05-2019,183.5,184.559998,181.350006,182.190002,182.190002,12797700
30-05-2019,183.080002,183.479996,180.889999,183.009995,183.009995,8581500
31-05-2019,180.279999,180.539993,177.160004,177.470001,177.470001,15226500
03-06-2019,175,175.050003,161.009995,164.149994,164.149994,56059600
04-06-2019,163.710007,168.279999,160.839996,167.5,167.5,46044300
05-06-2019,167.479996,168.720001,164.630005,168.169998,168.169998,19758300
06-06-2019,168.300003,169.699997,167.229996,168.330002,168.330002,12446400
07-06-2019,170.169998,173.869995,168.839996,173.350006,173.350006,16917300
10-06-2019,174.75,177.860001,173.800003,174.820007,174.820007,14767900
11-06-2019,178.479996,179.979996,176.789993,178.100006,178.100006,15266600
12-06-2019,178.380005,179.270004,172.880005,175.039993,175.039993,17699800
13-06-2019,175.529999,178.029999,174.610001,177.470001,177.470001,12253600
14-06-2019,180.509995,181.839996,180,181.330002,181.330002,16773700
17-06-2019,185.009995,189.5,184.410004,189.009995,189.009995,29459900
18-06-2019,194,194.529999,187.279999,188.470001,188.470001,37571400
19-06-2019,187,188.100006,184.550003,187.479996,187.479996,21417100
20-06-2019,190.949997,191.160004,187.639999,189.529999,189.529999,14635700
21-06-2019,188.75,192,188.75,191.139999,191.139999,22751200
24-06-2019,192.419998,193.979996,191.570007,192.600006,192.600006,15509000
25-06-2019,192.880005,193.139999,188.130005,188.839996,188.839996,16750300
26-06-2019,189.539993,190.759995,187.309998,187.660004,187.660004,12808600
27-06-2019,189.880005,198.880005,188.270004,189.5,189.5,11159000
28-06-2019,190.550003,193.199997,189.940002,193,193,16378900
01-07-2019,195.210007,195.279999,191.929993,193,193,14181800
02-07-2019,193,195,192.710007,195,195,9050000
03-07-2019,194.160004,197.399994,194.160004,197.199997,197.199997,10246100
05-07-2019,196.179993,197.070007,194.169998,196.399994,196.399994,11164100
08-07-2019,195.190002,196.679993,193.639999,195.759995,195.759995,9723900
09-07-2019,194.970001,199.460007,194.889999,199.210007,199.210007,14698600
10-07-2019,200,202.960007,199.669998,202.729996,202.729996,20571700
11-07-2019,203.259995,203.800003,200.210007,201.229996,201.229996,13678500
12-07-2019,199.679993,205.300003,199.160004,204.869995,204.869995,15366300
15-07-2019,204.25,205.330002,201.820007,203.910004,203.910004,16030300
16-07-2019,203.889999,205.470001,203.100006,203.839996,203.839996,12132700
17-07-2019,204.179993,204.360001,201.589996,201.800003,201.800003,12083700
18-07-2019,200.149994,202.470001,199.380005,200.779999,200.779999,11937900
19-07-2019,202.179993,202.330002,198.070007,198.360001,198.360001,12098300
22-07-2019,199.910004,202.570007,198.809998,202.320007,202.320007,13589000
23-07-2019,202.839996,204.240005,200.960007,202.360001,202.360001,14583700
24-07-2019,197.630005,204.809998,197.220001,204.660004,204.660004,32532500
25-07-2019,206.699997,208.660004,198.259995,200.710007,200.710007,39889900
26-07-2019,200.190002,202.880005,196.25,199.75,199.75,24434000
29-07-2019,199,199.630005,195.300003,195.940002,195.940002,16530800
30-07-2019,195.389999,198.710007,193.5,197.039993,197.039993,11903600
31-07-2019,196.949997,198.759995,192.679993,194.229996,194.229996,14593500
01-08-2019,194.169998,198.470001,190.880005,192.729996,192.729996,17777000
02-08-2019,191.100006,192.619995,188.070007,189.020004,189.020004,15297000
05-08-2019,184.690002,185.669998,179.339996,181.729996,181.729996,23086700
06-08-2019,183.690002,185.789993,183.089996,184.509995,184.509995,18035700
07-08-2019,183.600006,186.369995,181.220001,185.149994,185.149994,15833200
08-08-2019,186.619995,190.339996,184.050003,190.160004,190.160004,14828900
09-08-2019,190,190.979996,187.119995,187.850006,187.850006,11058800
12-08-2019,186.850006,187.589996,184.460007,185.369995,185.369995,10930900
13-08-2019,185.520004,191.380005,185.369995,188.449997,188.449997,13577000
14-08-2019,185.800003,185.990005,179.309998,179.710007,179.710007,18903700
15-08-2019,180.949997,183.199997,180.029999,182.589996,182.589996,12925900
16-08-2019,183.75,185.100006,182.360001,183.699997,183.699997,12654600
19-08-2019,186.009995,187.5,184.850006,186.169998,186.169998,9691200
20-08-2019,185.449997,186,182.389999,183.809998,183.809998,10083400
21-08-2019,185,185.899994,183.139999,183.550003,183.550003,8398200
22-08-2019,183.429993,184.110001,179.910004,182.039993,182.039993,10821400
23-08-2019,180.839996,183.130005,176.660004,177.75,177.75,17323400
26-08-2019,179.399994,180.5,178.240005,180.360001,180.360001,8773600
27-08-2019,181.929993,184.039993,181.009995,181.300003,181.300003,14399600
28-08-2019,180.529999,181.949997,178.919998,181.759995,181.759995,9386100
29-08-2019,183.770004,186.080002,183.470001,185.570007,185.570007,10128700
30-08-2019,186.779999,186.800003,183.460007,185.669998,185.669998,10774500
03-09-2019,184,185.669998,182.110001,182.389999,182.389999,9779400
04-09-2019,184.649994,187.75,183.889999,187.139999,187.139999,11308000
05-09-2019,188.529999,191.360001,187.940002,190.899994,190.899994,13876700
06-09-2019,190.210007,190.210007,186.350006,187.490005,187.490005,15226800
09-09-2019,187.729996,188.979996,185.850006,188.759995,188.759995,14722400
10-09-2019,187.440002,188.100006,184.550003,186.169998,186.169998,15455900
11-09-2019,186.460007,189.440002,186.080002,188.490005,188.490005,11761700
12-09-2019,189.860001,190.929993,187.229996,187.470001,187.470001,11419800
13-09-2019,187.330002,187.970001,186.539993,187.190002,187.190002,11441100
16-09-2019,186.929993,187.789993,185.770004,186.220001,186.220001,8444800
17-09-2019,186.660004,188.320007,185.539993,188.080002,188.080002,9671100
18-09-2019,188.089996,189.080002,186.009995,188.139999,188.139999,9681900
19-09-2019,188.660004,191.100006,188.149994,190.139999,190.139999,10392700
20-09-2019,190.660004,193.100006,188.119995,189.929993,189.929993,19934200
23-09-2019,189.339996,190.100006,185.210007,186.820007,186.820007,13327600
24-09-2019,187.979996,188.039993,180.389999,181.279999,181.279999,18546600
25-09-2019,181.449997,183.419998,177.869995,182.800003,182.800003,18068300
26-09-2019,181.330002,181.399994,177.669998,180.110001,180.110001,16083300
27-09-2019,180.490005,180.759995,175.660004,177.100006,177.100006,14656200
30-09-2019,177.869995,178.669998,176.850006,178.080002,178.080002,10740000
01-10-2019,179.149994,179.839996,174.880005,175.809998,175.809998,17073000
02-10-2019,174.839996,176.529999,173.089996,174.600006,174.600006,16151700
03-10-2019,175.570007,179.839996,173.630005,179.380005,179.380005,16086300
04-10-2019,179.550003,180.979996,178.100006,180.449997,180.449997,10430200
07-10-2019,180,181.179993,178.089996,179.679993,179.679993,9178300
08-10-2019,178.259995,180.369995,177.720001,177.75,177.75,9466900
09-10-2019,179.160004,180.720001,177.940002,179.850006,179.850006,7556900
10-10-2019,180.320007,181.610001,179.169998,180.029999,180.029999,8605000
11-10-2019,182.149994,186.490005,182.139999,184.190002,184.190002,14930500
14-10-2019,184.199997,184.619995,182.570007,183.279999,183.279999,7006000
15-10-2019,183.800003,190.380005,183.660004,188.889999,188.889999,15039100
16-10-2019,188.320007,189.699997,186.899994,189.550003,189.550003,10516900
17-10-2019,190.300003,190.839996,188.770004,190.389999,190.389999,9603000
18-10-2019,190.229996,191.490005,183.919998,185.850006,185.850006,16874200
21-10-2019,187.039993,189.910004,186.75,189.759995,189.759995,8122600
22-10-2019,190,190.649994,181.5,182.339996,182.339996,19537600
23-10-2019,182.009995,186.380005,182,186.149994,186.149994,12300400
24-10-2019,184.619995,186.729996,182.800003,186.380005,186.380005,11413500
25-10-2019,185.830002,189,185.089996,187.889999,187.889999,8061200
28-10-2019,187.199997,189.529999,185.080002,189.399994,189.399994,13657900
29-10-2019,191.690002,192.529999,188.470001,189.309998,189.309998,13574900
30-10-2019,189.559998,190.449997,185.979996,188.25,188.25,28734600
31-10-2019,196.699997,198.089996,188.25,191.649994,191.649994,42286500
01-11-2019,192.850006,194.110001,189.910004,193.619995,193.619995,21711800
04-11-2019,194.550003,197.369995,193.809998,194.720001,194.720001,16371300
05-11-2019,195.369995,195.75,193.600006,194.320007,194.320007,9942000
06-11-2019,194.029999,194.369995,191.350006,191.550003,191.550003,10973000
07-11-2019,191.910004,193.440002,189.470001,190.419998,190.419998,13473000
08-11-2019,190,192.339996,189.699997,190.839996,190.839996,10760800
11-11-2019,189.929993,190.080002,188.539993,189.610001,189.610001,8631200
12-11-2019,190,195.059998,189.740005,194.470001,194.470001,17615500
13-11-2019,194.699997,195.699997,192.740005,193.190002,193.190002,10860700
14-11-2019,192.929993,194.029999,191.449997,193.149994,193.149994,9040500
15-11-2019,194.259995,195.300003,193.380005,195.100006,195.100006,11524300
18-11-2019,194.559998,198.630005,193.050003,197.399994,197.399994,16167200
19-11-2019,197.399994,200,196.860001,199.320007,199.320007,19056800
20-11-2019,198.580002,199.589996,195.429993,197.509995,197.509995,12355400
21-11-2019,197.419998,199.089996,196.860001,197.929993,197.929993,12131000
22-11-2019,198.380005,199.300003,197.619995,198.820007,198.820007,9959800
25-11-2019,199.520004,200.970001,199.25,199.789993,199.789993,15272300
26-11-2019,200,200.149994,198.039993,198.970001,198.970001,11735500
27-11-2019,199.899994,203.139999,199.419998,202,202,12736600
29-11-2019,201.600006,203.800003,201.210007,201.639999,201.639999,7985200
02-12-2019,202.130005,202.179993,198.050003,199.699997,199.699997,11503400
03-12-2019,197.600006,198.929993,195.080002,198.820007,198.820007,11595300
04-12-2019,200,200.029999,198.050003,198.710007,198.710007,8456300
05-12-2019,199.860001,201.289993,198.210007,199.360001,199.360001,9740400
06-12-2019,200.5,201.570007,200.059998,201.050003,201.050003,12270600
09-12-2019,200.649994,203.139999,200.210007,201.339996,201.339996,11954800
10-12-2019,201.660004,202.050003,200.149994,200.869995,200.869995,9475700
11-12-2019,200.279999,202.630005,200.279999,202.259995,202.259995,8036800
12-12-2019,202.350006,203.660004,194.100006,196.75,196.75,23734800
13-12-2019,196.399994,196.800003,193.169998,194.110001,194.110001,18798000
16-12-2019,195.270004,199.119995,194.809998,197.919998,197.919998,14911500
17-12-2019,198.839996,199,196.130005,198.389999,198.389999,10175700
18-12-2019,200.089996,204.300003,200.089996,202.5,202.5,23274400
19-12-2019,202.779999,206.300003,202.509995,206.059998,206.059998,16514600
20-12-2019,207.479996,207.710007,203.429993,206.300003,206.300003,27306900
23-12-2019,206.699997,208.589996,205.679993,206.179993,206.179993,13348900
24-12-2019,206.300003,206.789993,205,205.119995,205.119995,6046300
26-12-2019,205.570007,207.820007,205.309998,207.789993,207.789993,9350700
27-12-2019,208.669998,208.929993,206.589996,208.100006,208.100006,10284200
30-12-2019,207.860001,207.899994,203.899994,204.410004,204.410004,10524300
31-12-2019,204,205.559998,203.600006,205.25,205.25,8953500
02-01-2020,206.75,209.789993,206.270004,209.779999,209.779999,12077100
03-01-2020,207.210007,210.399994,206.949997,208.669998,208.669998,11188400
06-01-2020,206.699997,212.779999,206.520004,212.600006,212.600006,17058900
07-01-2020,212.820007,214.580002,211.75,213.059998,213.059998,14912400
08-01-2020,213,216.240005,212.610001,215.220001,215.220001,13475000
09-01-2020,217.539993,218.380005,216.279999,218.300003,218.300003,12642800
10-01-2020,219.199997,219.880005,217.419998,218.059998,218.059998,12119400
13-01-2020,219.600006,221.970001,219.210007,221.910004,221.910004,14463400
14-01-2020,221.610001,222.380005,218.630005,219.059998,219.059998,13288900
15-01-2020,220.610001,221.679993,220.139999,221.149994,221.149994,10036500
16-01-2020,222.570007,222.630005,220.389999,221.770004,221.770004,10015300
17-01-2020,222.029999,222.289993,220.529999,222.139999,222.139999,15905900
21-01-2020,222.160004,222.369995,219.119995,221.440002,221.440002,14275800
22-01-2020,222.309998,222.75,221.279999,221.320007,221.320007,12212800
23-01-2020,220.75,221.490005,219.270004,219.759995,219.759995,11195000
24-01-2020,220.800003,221.779999,216.110001,217.940002,217.940002,11905800
27-01-2020,213.100006,216.059998,212.5,214.869995,214.869995,13810700
28-01-2020,216.139999,218.740005,213.520004,217.789993,217.789993,13413800
29-01-2020,221.440002,224.199997,218.449997,223.229996,223.229996,33181300
30-01-2020,206.529999,211.429993,204.75,209.529999,209.529999,48775500
31-01-2020,208.429993,208.690002,201.059998,201.910004,201.910004,31359900
03-02-2020,203.440002,205.139999,202.5,204.190002,204.190002,15495600
04-02-2020,206.619995,210.600006,205.199997,209.830002,209.830002,19628900
05-02-2020,212.509995,212.729996,208.710007,210.110001,210.110001,12538200
06-02-2020,210.470001,211.190002,209.339996,210.850006,210.850006,10567500
07-02-2020,210.300003,212.820007,209.929993,212.330002,212.330002,12242500
10-02-2020,211.520004,213.800003,210.660004,213.059998,213.059998,11856400
11-02-2020,210.190002,210.860001,206.509995,207.190002,207.190002,25030800
12-02-2020,207.850006,211.220001,207.399994,210.759995,210.759995,13813700
13-02-2020,209.520004,214.330002,209.179993,213.139999,213.139999,15396600
14-02-2020,214,214.929993,212.649994,214.179993,214.179993,10741700
18-02-2020,213.550003,217.979996,213.399994,217.800003,217.800003,15609200
19-02-2020,217.990005,218.320007,216.110001,217.490005,217.490005,12135100
20-02-2020,216.520004,218.770004,212.949997,214.580002,214.580002,13109200
21-02-2020,213.479996,214.240005,208.830002,210.179993,210.179993,14092300
24-02-2020,201.800003,203.649994,198.169998,200.720001,200.720001,23080100
25-02-2020,202.25,203.5,195.949997,196.770004,196.770004,21433500
26-02-2020,197.190002,201.210007,195.490005,197.199997,197.199997,16524500
27-02-2020,191.820007,195.880005,189.5,189.75,189.75,21682600
28-02-2020,182.699997,192.740005,181.820007,192.470001,192.470001,32568900
02-03-2020,194.029999,196.570007,188.850006,196.440002,196.440002,24949000
03-03-2020,196.220001,197.240005,183.970001,185.889999,185.889999,27984100
04-03-2020,189.169998,191.830002,186.389999,191.759995,191.759995,23062500
05-03-2020,186.779999,188.990005,183.889999,185.169998,185.169998,19333400
06-03-2020,178.330002,183.779999,176.259995,181.089996,181.089996,24559600
09-03-2020,169.600006,175,165.190002,169.5,169.5,29949000
10-03-2020,174.669998,178.289993,169.5,178.190002,178.190002,24517800
11-03-2020,174.009995,175.880005,167.660004,170.240005,170.240005,20373900
12-03-2020,159.539993,166.600006,154.339996,154.470001,154.470001,43266300
13-03-2020,163.529999,170.789993,157.600006,170.279999,170.279999,35028600
16-03-2020,152.320007,159.130005,143.100006,146.009995,146.009995,39120400
17-03-2020,150.740005,153.940002,140,149.419998,149.419998,34255600
18-03-2020,139.75,148.179993,137.100006,146.960007,146.960007,37553100
19-03-2020,146.619995,159.929993,144.800003,153.130005,153.130005,39862300
20-03-2020,156.020004,159.270004,148,149.729996,149.729996,32568400
23-03-2020,149.660004,152.309998,142.25,148.100006,148.100006,29830800
24-03-2020,155.210007,161.309998,152.570007,160.979996,160.979996,30440400
25-03-2020,158.919998,162.990005,153.059998,156.210007,156.210007,35184300
26-03-2020,158.25,164,157.020004,163.339996,163.339996,26556800
27-03-2020,158.199997,160.089996,154.75,156.789993,156.789993,24879900
30-03-2020,159.179993,166.75,158.059998,165.949997,165.949997,22515200
31-03-2020,165.479996,170.929993,164.199997,166.800003,166.800003,23676300
01-04-2020,161.619995,164.149994,158.039993,159.600006,159.600006,19507600
02-04-2020,159.100006,161.350006,155.919998,158.190002,158.190002,20886300
03-04-2020,157.149994,157.910004,150.830002,154.179993,154.179993,25983300
06-04-2020,160.149994,166.199997,158.509995,165.550003,165.550003,28453600
07-04-2020,171.789993,173.389999,166.009995,168.830002,168.830002,31411900
08-04-2020,171.25,175,167.740005,174.279999,174.279999,21664200
09-04-2020,175.899994,177.080002,171.570007,175.190002,175.190002,23534300
13-04-2020,173.669998,175,169.449997,174.789993,174.789993,19355400
14-04-2020,178.979996,181.229996,176.619995,178.169998,178.169998,21011800
15-04-2020,175.190002,178.190002,172.820007,176.970001,176.970001,17423000
16-04-2020,177.949997,178.050003,172.509995,176.25,176.25,23593200
17-04-2020,179.199997,180.279999,176.660004,179.240005,179.240005,20974800
20-04-2020,177.410004,180.5,176.770004,178.240005,178.240005,16110700
21-04-2020,175.25,175.380005,168.339996,170.800003,170.800003,24850500
22-04-2020,178.449997,184.779999,178.139999,182.279999,182.279999,33242000
23-04-2020,184.080002,187.050003,183.149994,185.130005,185.130005,21426600
24-04-2020,183.229996,190.410004,180.830002,190.070007,190.070007,28792000
27-04-2020,192.660004,193.75,187.410004,187.5,187.5,29197800
28-04-2020,188.660004,189.199997,182.559998,182.910004,182.910004,21731000
29-04-2020,190.929993,196.910004,190,194.190002,194.190002,45954500
30-04-2020,206.919998,209.690002,201.570007,204.710007,204.710007,46230100
01-05-2020,201.600006,207.279999,199.050003,202.270004,202.270004,30415600
04-05-2020,200.199997,205.910004,198.759995,205.259995,205.259995,19250700
05-05-2020,207.020004,210.380005,206.5,207.070007,207.070007,21071200
06-05-2020,208.119995,211.600006,206.660004,208.470001,208.470001,21857000
07-05-2020,211.160004,211.600006,209.039993,211.259995,211.259995,15152000
08-05-2020,212.240005,213.210007,210.850006,212.350006,212.350006,12506000
11-05-2020,210.889999,215,210.369995,213.179993,213.179993,12911900
12-05-2020,213.289993,215.279999,210,210.100006,210.100006,14704600
13-05-2020,209.429993,210.779999,202.110001,205.100006,205.100006,20684600
14-05-2020,202.559998,206.929993,200.690002,206.809998,206.809998,17178900
15-05-2020,205.270004,211.339996,204.119995,210.880005,210.880005,19383200
18-05-2020,212.149994,214.639999,210.940002,213.190002,213.190002,20151900
19-05-2020,213.270004,220.490005,212.830002,216.880005,216.880005,31843200
20-05-2020,223.5,231.339996,223.190002,229.970001,229.970001,50162900
21-05-2020,234.720001,237.199997,231.199997,231.389999,231.389999,47782600
22-05-2020,231.509995,235.990005,228.740005,234.910004,234.910004,33925600
26-05-2020,239.770004,240.899994,231.669998,232.199997,232.199997,33178300
27-05-2020,229.070007,230.559998,221.130005,229.139999,229.139999,34697600
28-05-2020,224.300003,231.630005,224,225.460007,225.460007,29377200
29-05-2020,225.199997,227.490005,222.880005,225.089996,225.089996,23241500
01-06-2020,224.589996,232.440002,223.5,231.910004,231.910004,18223800
02-06-2020,230.940002,233,226.559998,232.720001,232.720001,20919000
03-06-2020,232.110001,232.649994,228.529999,230.160004,230.160004,15380300
04-06-2020,229.559998,231.630005,224.610001,226.289993,226.289993,17041500
05-06-2020,226.710007,231.350006,225.309998,230.770004,230.770004,16750400
08-06-2020,229.029999,231.550003,227.410004,231.399994,231.399994,15466500
09-06-2020,231.520004,239.770004,230.410004,238.669998,238.669998,27462900
10-06-2020,240.960007,241.210007,235.279999,236.729996,236.729996,20720700
11-06-2020,229.940002,232.889999,223.550003,224.429993,224.429993,26708200
12-06-2020,229.899994,231.660004,224.5,228.580002,228.580002,22091400
15-06-2020,225.089996,233.770004,224.800003,232.5,232.5,15340300
16-06-2020,237.139999,238.460007,233,235.649994,235.649994,15236700
17-06-2020,235,237.589996,231.729996,235.529999,235.529999,19578100
18-06-2020,234.990005,236.139999,232.149994,235.940002,235.940002,15782500
19-06-2020,237.789993,240.830002,235.550003,238.789993,238.789993,30081300
22-06-2020,238.559998,240.699997,236.910004,239.220001,239.220001,18917800
23-06-2020,241.279999,245.190002,239.860001,242.240005,242.240005,24017900
24-06-2020,241.199997,243.220001,232.679993,234.020004,234.020004,20834900
25-06-2020,234.619995,237.300003,232.740005,235.679993,235.679993,18704300
26-06-2020,232.639999,233.089996,215.399994,216.080002,216.080002,76343900
29-06-2020,209.75,220.75,207.110001,220.639999,220.639999,58514300
30-06-2020,220.589996,227.5,218.470001,227.070007,227.070007,33927100
01-07-2020,228.5,239,227.559998,237.550003,237.550003,43399700
02-07-2020,239,240,232.610001,233.419998,233.419998,30633600
06-07-2020,233.759995,240.399994,232.270004,240.279999,240.279999,26206200
07-07-2020,239.410004,247.649994,238.820007,240.860001,240.860001,27887800
08-07-2020,238.110001,246.990005,236.589996,243.580002,243.580002,29791300
09-07-2020,245,246.529999,239.240005,244.5,244.5,22174900
10-07-2020,243.690002,245.490005,239.320007,245.070007,245.070007,22982700
13-07-2020,247.009995,250.149994,238.419998,239,239,24674900
14-07-2020,236.759995,240.330002,232.029999,239.729996,239.729996,23378100
15-07-2020,241.550003,244.820007,238.050003,240.279999,240.279999,19133600
16-07-2020,238,241.759995,236.330002,240.929993,240.929993,18880700
17-07-2020,241,244.160004,237.860001,242.029999,242.029999,18152400
20-07-2020,240.059998,246.050003,235.639999,245.419998,245.419998,20872200
21-07-2020,246.220001,246.910004,240.080002,241.75,241.75,19364200
22-07-2020,240.259995,241.899994,238.119995,239.869995,239.869995,15427900
23-07-2020,239.630005,242.419998,231.75,232.600006,232.600006,21771800
24-07-2020,230.190002,233.490005,226.899994,230.710007,230.710007,18325800
27-07-2020,231.460007,234.949997,230.830002,233.5,233.5,13163100
28-07-2020,234.630005,234.960007,229.830002,230.119995,230.119995,14170100
29-07-2020,231.139999,233.699997,230.309998,233.289993,233.289993,13588300
30-07-2020,230.220001,234.889999,229,234.5,234.5,20615300
31-07-2020,255.820007,255.850006,249,253.669998,253.669998,53005100
03-08-2020,252.649994,255.399994,250.330002,251.960007,251.960007,23124900
04-08-2020,251.559998,252.800003,247.429993,249.830002,249.830002,17183500
05-08-2020,250.190002,252.270004,247.770004,249.119995,249.119995,13050100
06-08-2020,249.039993,266.600006,248.669998,265.279999,265.279999,45241600
07-08-2020,264.079987,278.890015,263.429993,268.440002,268.440002,72766400
10-08-2020,268.040009,273.859985,259.690002,263,263,30248800
11-08-2020,260.190002,265.920013,255.130005,256.130005,256.130005,28238300
12-08-2020,258.970001,263.899994,258.109985,259.890015,259.890015,21415700
13-08-2020,261.549988,265.160004,259.570007,261.299988,261.299988,17374000
14-08-2020,262.309998,262.649994,258.679993,261.23999,261.23999,14792700
17-08-2020,262.5,264.100006,259.399994,261.160004,261.160004,13351100
18-08-2020,260.950012,265.149994,259.26001,262.339996,262.339996,18690400
19-08-2020,261.390015,267.910004,261.350006,262.589996,262.589996,23291500
20-08-2020,261.5,269.630005,261.459991,269.01001,269.01001,20299700
21-08-2020,268.690002,270.48999,266.420013,267.01001,267.01001,15538600
24-08-2020,271.070007,277.25,268.769989,271.390015,271.390015,23685600
25-08-2020,272.410004,283.089996,270.26001,280.820007,280.820007,42127200
26-08-2020,284,304.670013,284,303.910004,303.910004,69015200
27-08-2020,300.160004,301.230011,292.019989,293.220001,293.220001,30301300
28-08-2020,295,297.230011,290.980011,293.660004,293.660004,17157400
31-08-2020,293.950012,296.880005,291.549988,293.200012,293.200012,17345100
01-09-2020,294.709991,301.48999,292.709991,295.440002,295.440002,17295900
02-09-2020,298.880005,303.600006,293.049988,302.5,302.5,24341400
03-09-2020,295.98999,297.600006,283.630005,291.119995,291.119995,32294100
04-09-2020,287.25,289,271.140015,282.730011,282.730011,30333700
08-09-2020,271.279999,279.299988,269.420013,271.160004,271.160004,24864000
09-09-2020,275.769989,278.480011,271.350006,273.720001,273.720001,22918800
10-09-2020,275.51001,279.160004,267.029999,268.089996,268.089996,24814700
11-09-2020,270.059998,271.390015,262.640015,266.609985,266.609985,18913900
14-09-2020,270.950012,276.640015,265.700012,266.149994,266.149994,24093800
15-09-2020,270.670013,274.519989,269.299988,272.420013,272.420013,18478500
16-09-2020,267.290009,272.440002,261.790009,263.519989,263.519989,29183400
17-09-2020,258.279999,261.5,250.190002,254.820007,254.820007,31281400
18-09-2020,258.399994,259.200012,250.050003,252.529999,252.529999,28130800
21-09-2020,247.539993,249.949997,244.130005,248.149994,248.149994,24709400
22-09-2020,253.309998,255.320007,248.220001,254.75,254.75,30293100
23-09-2020,255.259995,257.98999,248.149994,249.020004,249.020004,19641300
24-09-2020,246.5,252.240005,245.619995,249.529999,249.529999,20006800
25-09-2020,249.399994,255.75,246.610001,254.820007,254.820007,18351300
28-09-2020,259.399994,259.600006,254.820007,256.820007,256.820007,18826300
29-09-2020,257.809998,263.329987,256.899994,261.790009,261.790009,20200200
30-09-2020,261.980011,266.079987,260.100006,261.899994,261.899994,20142500
01-10-2020,265.350006,268.329987,264.799988,266.630005,266.630005,20009800
02-10-2020,261.209991,265.149994,259.179993,259.940002,259.940002,16367600
05-10-2020,262.200012,264.869995,260.839996,264.649994,264.649994,12822300
06-10-2020,261.779999,265.690002,258.23999,258.660004,258.660004,18696900
07-10-2020,259.209991,260.179993,254.820007,258.119995,258.119995,23133400
08-10-2020,259.75,264.619995,259.149994,263.76001,263.76001,16312800
09-10-2020,264.519989,264.75,262.170013,264.450012,264.450012,14107800
12-10-2020,270.200012,280.179993,267.869995,275.75,275.75,31019300
13-10-2020,277.579987,279.100006,273.390015,276.140015,276.140015,18063300
14-10-2020,277.619995,278.75,271.5,271.820007,271.820007,15577800
15-10-2020,267.600006,269.040009,263.670013,266.720001,266.720001,15416100
16-10-2020,267.380005,271.369995,265.299988,265.929993,265.929993,16622700
19-10-2020,265.529999,268.549988,259.880005,261.399994,261.399994,13587000
20-10-2020,263.059998,269.700012,262.880005,267.559998,267.559998,18763200
21-10-2020,279.559998,283.049988,276.369995,278.730011,278.730011,28998600
22-10-2020,279.869995,282.450012,275.040009,278.119995,278.119995,16720000
23-10-2020,278.799988,285.23999,276.820007,284.790009,284.790009,17535200
26-10-2020,283.160004,285.230011,274.26001,277.109985,277.109985,21322900
27-10-2020,278.76001,284.51001,276.309998,283.290009,283.290009,16287200
28-10-2020,278.790009,278.790009,267.26001,267.670013,267.670013,23121800
29-10-2020,276.549988,283.600006,273.779999,280.829987,280.829987,32368100
30-10-2020,274.5,276.700012,259.100006,263.109985,263.109985,47247800
02-11-2020,264.600006,270.470001,257.339996,261.359985,261.359985,27165700
03-11-2020,263.160004,270.049988,260.880005,265.299988,265.299988,17961900
04-11-2020,281,288.940002,278.619995,287.380005,287.380005,35364400
05-11-2020,291.899994,297.380005,288.950012,294.679993,294.679993,23823600
06-11-2020,293.950012,294.600006,288.059998,293.410004,293.410004,13891000
09-11-2020,289.869995,292.579987,278.529999,278.769989,278.769989,25117700
10-11-2020,273.100006,274,264,272.429993,272.429993,29067700
11-11-2020,273.470001,278.399994,272.480011,276.480011,276.480011,14957000
12-11-2020,277.179993,279.75,274.429993,275.079987,275.079987,12899500
13-11-2020,277.720001,277.76001,273.100006,276.950012,276.950012,10391200
16-11-2020,275.049988,279.410004,274.630005,278.959991,278.959991,12970400
17-11-2020,277.679993,277.679993,273.290009,275,275,15040300
18-11-2020,274.519989,277.390015,271.839996,271.970001,271.970001,12152900
19-11-2020,271.019989,273.470001,269.190002,272.940002,272.940002,12963700
20-11-2020,272.559998,273,269.410004,269.700012,269.700012,18114700
23-11-2020,270.890015,270.950012,264.529999,268.429993,268.429993,20990800
24-11-2020,268.48999,277.820007,267.869995,276.920013,276.920013,16930400
25-11-2020,278.140015,280.179993,272.649994,275.589996,275.589996,12467000
27-11-2020,277.390015,279.130005,274.820007,277.809998,277.809998,7808400
30-11-2020,276.029999,277.700012,271.01001,276.970001,276.970001,16693300
01-12-2020,279.160004,289.299988,278.959991,286.549988,286.549988,20738900
02-12-2020,285.359985,291.779999,280.829987,287.519989,287.519989,17361600
03-12-2020,286.25,286.649994,281.070007,281.850006,281.850006,12921700
04-12-2020,280.299988,283.459991,279.299988,279.700012,279.700012,10880300
07-12-2020,279.190002,288.48999,278.200012,285.579987,285.579987,13007700
08-12-2020,286.01001,286.429993,281.549988,283.399994,283.399994,10747700
09-12-2020,283.660004,287.630005,271.75,277.920013,277.920013,25189700
10-12-2020,275.540009,278.730011,271.859985,277.119995,277.119995,20065100
11-12-2020,274.529999,276.480011,270.25,273.549988,273.549988,14391400
14-12-2020,273.369995,277.220001,271.559998,274.190002,274.190002,16376900
15-12-2020,274.829987,276.079987,267.470001,275.549988,275.549988,23979500
16-12-2020,274.76001,277.859985,272.51001,275.670013,275.670013,15885000
17-12-2020,277.070007,280.440002,273.609985,274.480011,274.480011,16377800
18-12-2020,275.769989,278,271.140015,276.399994,276.399994,26693200
21-12-2020,272.980011,274.670013,267.790009,272.790009,272.790009,16553700
22-12-2020,271.5,271.5,264.630005,267.089996,267.089996,17312900
23-12-2020,266.890015,272.170013,266.230011,268.109985,268.109985,14329000
24-12-2020,268.880005,270.399994,266.200012,267.399994,267.399994,6702000
28-12-2020,268.73999,277.299988,265.660004,277,277,23299700
29-12-2020,276.950012,280.51001,276.279999,276.779999,276.779999,16383000
30-12-2020,277.950012,278.079987,271.709991,271.869995,271.869995,11803800
31-12-2020,272,277.089996,269.809998,273.160004,273.160004,12900400
04-01-2021,274.779999,275,265.200012,268.940002,268.940002,15106100
05-01-2021,268.290009,272.399994,268.209991,270.970001,270.970001,9871600
06-01-2021,262,267.75,260.01001,263.309998,263.309998,24354100
07-01-2021,265.899994,271.609985,264.779999,268.73999,268.73999,15789800
08-01-2021,268.309998,268.950012,263.179993,267.570007,267.570007,18528300
11-01-2021,260.480011,263.470001,255.899994,256.839996,256.839996,30412300
12-01-2021,256.630005,259.720001,250.300003,251.089996,251.089996,26383500
13-01-2021,251.550003,253.949997,249.199997,251.639999,251.639999,19528900
14-01-2021,253.399994,255.029999,244.610001,245.639999,245.639999,29739400
15-01-2021,247.899994,253.860001,247.160004,251.360001,251.360001,24942900
19-01-2021,256.899994,262.200012,252.720001,261.100006,261.100006,28028500
20-01-2021,268.929993,270.320007,263.600006,267.480011,267.480011,25199900
21-01-2021,269.26001,273.600006,267.48999,272.869995,272.869995,20838700
22-01-2021,272.01001,278.470001,272,274.5,274.5,21954000
25-01-2021,278.140015,280.100006,271.51001,278.01001,278.01001,19087000
26-01-2021,278.140015,285.390015,277.809998,282.049988,282.049988,19373600
27-01-2021,282.529999,283.450012,268.119995,272.140015,272.140015,35346200
28-01-2021,277.179993,286.790009,264.700012,265,265,37758800
29-01-2021,265.299988,266.559998,254.850006,258.329987,258.329987,30389500
01-02-2021,259.519989,264.170013,254.910004,262.01001,262.01001,22914300
02-02-2021,264,268.850006,263.269989,267.079987,267.079987,17320800
03-02-2021,265.619995,269.200012,263.839996,266.649994,266.649994,14223400
04-02-2021,267.01001,268.160004,264,266.48999,266.48999,16060000
05-02-2021,266.799988,269.170013,265.670013,268.100006,268.100006,12454400
08-02-2021,268.75,269.859985,265,266.579987,266.579987,13755200
09-02-2021,266.440002,273.390015,265.75,269.450012,269.450012,14613400
10-02-2021,272.450012,273.799988,267.720001,271.869995,271.869995,14687200
11-02-2021,271.890015,273.579987,268.48999,270.390015,270.390015,12828600
12-02-2021,270.519989,271.179993,268.339996,270.5,270.5,9097600
16-02-2021,270.799988,276.600006,270.049988,273.970001,273.970001,15417200
17-02-2021,271.23999,273.970001,269.579987,273.570007,273.570007,12763200
18-02-2021,269.570007,271.950012,266.029999,269.390015,269.390015,15249100
19-02-2021,269.859985,270.269989,260.149994,261.559998,261.559998,25622600
22-02-2021,257.950012,263.070007,257.529999,260.329987,260.329987,17434900
23-02-2021,259.5,267.459991,254.960007,265.859985,265.859985,21924600
24-02-2021,262.329987,266.380005,258.390015,264.309998,264.309998,15736100
25-02-2021,262.299988,266.940002,254.039993,254.690002,254.690002,19053100
26-02-2021,256.470001,265.549988,256.470001,257.619995,257.619995,26619500
01-03-2021,260.820007,266.649994,257.899994,264.910004,264.910004,22157300
02-03-2021,265.779999,266.709991,258.649994,259,259,15191700
03-03-2021,260.290009,260.98999,255.100006,255.410004,255.410004,15513500
04-03-2021,256.470001,266.48999,253.5,257.640015,257.640015,31626500
05-03-2021,260.670013,265.450012,255.610001,264.279999,264.279999,26820100
08-03-2021,265.549988,265.579987,255.050003,255.309998,255.309998,18391800
09-03-2021,261.179993,268.529999,259.809998,265.73999,265.73999,22039700
10-03-2021,268.640015,268.970001,262.869995,264.899994,264.899994,14210300
11-03-2021,268.109985,277.899994,267.820007,273.880005,273.880005,21834000
12-03-2021,269.140015,269.73999,264.019989,268.399994,268.399994,20600200
15-03-2021,269.079987,275.959991,268.5,273.75,273.75,16844800
16-03-2021,276.079987,282.140015,274.799988,279.279999,279.279999,22437700
17-03-2021,275.709991,286.230011,275.410004,284.01001,284.01001,21315000
18-03-2021,279.869995,285.190002,278.279999,278.619995,278.619995,18728300
19-03-2021,281.220001,292.799988,281.200012,290.109985,290.109985,38930500
22-03-2021,290.450012,299.709991,286.75,293.540009,293.540009,28273100
23-03-2021,293.149994,298,289.809998,290.630005,290.630005,23000900
24-03-2021,291,291.720001,281.160004,282.140015,282.140015,18675000
25-03-2021,280.980011,288.059998,277.75,278.73999,278.73999,24505600
26-03-2021,278.299988,284.5,277.769989,283.019989,283.019989,17629200
29-03-2021,285.769989,293.179993,284.700012,290.820007,290.820007,21718800
30-03-2021,289.829987,292.470001,286.700012,288,288,17474500
31-03-2021,289.98999,296.5,288.609985,294.529999,294.529999,19498200
01-04-2021,298.399994,302.399994,296.600006,298.660004,298.660004,17616000
05-04-2021,300.890015,310.769989,300.679993,308.910004,308.910004,28237000
06-04-2021,308.839996,311.350006,305.25,306.26001,306.26001,17335200
07-04-2021,306.339996,314.25,305.5,313.089996,313.089996,22855200
08-04-2021,314.850006,315.880005,310.049988,313.019989,313.019989,20894100
09-04-2021,311.399994,314.73999,310.329987,312.459991,312.459991,15988600
12-04-2021,311.049988,312.149994,307.929993,311.540009,311.540009,10881900
13-04-2021,312.209991,314.429993,309.320007,309.76001,309.76001,14036900
14-04-2021,307.299988,308.029999,301.950012,302.820007,302.820007,17421400
15-04-2021,306.339996,310.140015,304.100006,307.820007,307.820007,14558300
16-04-2021,308.170013,308.950012,304.609985,306.179993,306.179993,13059200
19-04-2021,305.01001,307.700012,300.559998,302.23999,302.23999,14553500
20-04-2021,301.98999,305.100006,297.209991,302.649994,302.649994,16796400
21-04-2021,301.950012,301.980011,297.390015,301.470001,301.470001,14863500
22-04-2021,301.329987,302.920013,296.040009,296.519989,296.519989,16375400
23-04-2021,298.76001,302.589996,297.149994,301.130005,301.130005,17536800
26-04-2021,303.339996,305.799988,301.559998,303.040009,303.040009,16172600
27-04-2021,304.279999,305.339996,301.109985,303.570007,303.570007,15309300
28-04-2021,307.359985,310.920013,305.369995,307.100006,307.100006,33907200
29-04-2021,330.119995,331.809998,321.609985,329.51001,329.51001,56526800
30-04-2021,326.140015,329.820007,324.5,325.079987,325.079987,26322000
03-05-2021,326.170013,328.549988,321.839996,322.579987,322.579987,18719500
04-05-2021,320.019989,322.190002,313.119995,318.359985,318.359985,24032600
05-05-2021,318.190002,321.059998,314.48999,315.019989,315.019989,15577600
06-05-2021,314.519989,320.23999,313.269989,320.019989,320.019989,19012200
07-05-2021,322.380005,322.940002,318.75,319.079987,319.079987,15912800
